Peaje_key,Admon,Nombre,Nombre_proyecto,Responsable,Telefono,Telefono_gerente,cat_1,cat_2,cat_3,cat_4,cat_5,cat_6,cat_7,cat_8,cat_9,eje_adicional,eje_adicional_2
EL PLACER-Concesionaria Víal Uníon del Sur,Concesionaria Víal Uníon del Sur,EL PLACER,RUMICHACA - PASTO,Concesión ANI,3173682092 – 3173310921,"Móvil1: 3174275839, atiende los municipios Ipiales, Contadero e Iles Móvil 2: 3174042366, atiende a los Municipios de Imués, Yacuanquer, Tangua y Pasto",9900,10400,22100,28800,33200,0,0,0,0,0,0
DAZA-INVIAS,INVIAS,DAZA,RUMICHACA - PASTO - CHACHAGUI,INVIAS,-1,-1,0,0,22200,29100,33600,0,0,0,0,9100,9400
CANO-INVIAS,INVIAS,CANO,RUMICHACA - PASTO - CHACHAGUI,INVIAS,-1,-1,10000,10700,0,0,0,0,0,0,0,9100,9400
ALTAMIRA-Concesión Aliadas para El Progreso,Concesión Aliadas para El Progreso,ALTAMIRA,SANTANA-MOCOA-NEIVA,Concesión ANI,320 995 5541,311 260 50 25  - #296,8500,9300,19500,24800,27900,0,0,0,0,8400,8700
TUNIA-INVIAS,INVIAS,TUNIA,MALLA VIAL DEL VALLE DEL CAUCA Y CAUCA,INVIAS,-1,-1,8600,10300,27800,36300,41800,0,0,0,0,19800,10000
LOS CAUCHOS-Concesión Aliadas para El Progreso,Concesión Aliadas para El Progreso,LOS CAUCHOS,SANTANA-MOCOA-NEIVA,Concesión ANI,320 995 5541,311 260 50 25  - #296,8300,9000,19200,24400,27400,0,0,0,0,8400,8700
NEIVA-Concesión Autovía Neiva – Girardot,Concesión Autovía Neiva – Girardot,NEIVA,NEIVA - ESPINAL - GIRARDOT,Concesión ANI,3103424699 3153340727 – 3174340907,667 10 30,11700,13900,15600,19900,33300,42700,48600,0,0,0,0
VILLARICA-INVIAS,INVIAS,VILLARICA,MALLA VIAL DEL VALLE DEL CAUCA Y CAUCA,INVIAS,-1,-1,8600,10300,27800,36300,41800,0,0,0,0,19000,9600
EL PATA-Concesión Autovía Neiva – Girardot,Concesión Autovía Neiva – Girardot,EL PATA,IP - NEIVA GIRARDOT,Concesión ANI,3103424699 3153340727 – 3174340907,667 10 30,11700,14100,15800,20200,34400,44200,50100,0,0,0,0
ESTAMBUL-INVIAS,INVIAS,ESTAMBUL,MALLA VIAL DEL VALLE DEL CAUCA Y CAUCA,INVIAS,-1,-1,8700,10400,28100,36400,41900,0,0,0,0,19800,10000
CIAT-INVIAS,INVIAS,CIAT,MALLA VIAL DEL VALLE DEL CAUCA Y CAUCA,INVIAS,-1,-1,8700,10400,28100,36400,41900,0,0,0,0,19800,10000
CENCAR-INVIAS,INVIAS,CENCAR,MALLA VIAL DEL VALLE DEL CAUCA Y CAUCA,INVIAS,-1,-1,8600,10300,27800,36300,41800,0,0,0,0,19800,10000
PASO DE LA TORRE-INVIAS,INVIAS,PASO DE LA TORRE,MALLA VIAL DEL VALLE DEL CAUCA Y CAUCA,INVIAS,-1,-1,8600,10300,27800,36300,41800,0,0,0,0,19800,10000
IRACA-Concesión Autopistas de los Llanos,Concesión Autopistas de los Llanos,IRACA,IP - MALLA VIAL DEL META,Concesión ANI,(8) 6700868 - #765 018000918624,(578) 668 49 90-91,9700,19400,13300,23300,34600,46000,50000,0,0,0,0
ROZO-INVIAS,INVIAS,ROZO,MALLA VIAL DEL VALLE DEL CAUCA Y CAUCA,INVIAS,-1,-1,8600,10300,27800,36300,41800,0,0,0,0,19800,10000
CERRITO-INVIAS,INVIAS,CERRITO,MALLA VIAL DEL VALLE DEL CAUCA Y CAUCA,INVIAS,-1,-1,8600,10300,27800,36300,41800,0,0,0,0,0,0
MEDIACANOA-INVIAS,INVIAS,MEDIACANOA,MALLA VIAL DEL VALLE DEL CAUCA Y CAUCA,INVIAS,-1,-1,8600,10300,27800,36300,41800,0,0,0,0,19800,10000
LOBOGUERRERO-CONSORCIO NQS,CONSORCIO NQS,LOBOGUERRERO,IP - VÍA AL PUERTO,INVIAS,3228171095,3228171095,8000,9000,21500,28200,32100,0,0,0,0,20800,9800
OCOA-Concesión Autopistas de Los Llanos,Concesión Autopistas de Los Llanos,OCOA,IP - MALLA VIAL DEL META,Concesión ANI,(8) 6700868 – 3138860370 - 018000918624 - #76,(578) 668 49 90-91,9700,19400,13300,23300,34600,46000,50000,0,0,0,0
LA LIBERTAD-Concesión Autopistas de los Llanos,Concesión Autopistas de los Llanos,LA LIBERTAD,IP - MALLA VIAL DEL META,Concesión ANI,(8) 6700868 – 3115615494,3223472204 - #765,12700,25300,18300,30500,45400,59800,68500,0,0,0,0
CASETABLA-Concesión Coviandes,Concesión Coviandes,CASETABLA,IP - MALLA VIAL DEL META,Concesión ANI,3102466017,018000918624 Operadores Claro – Movistar #765,4400,4800,4800,4800,19700,25000,28100,0,0,0,0
FLANDES-Concesión Autovía Neiva - Girardot,Concesión Autovía Neiva - Girardot,FLANDES,IP - NEIVA GIRARDOT,Concesión ANI,3103424699 3153340727 – 3174340907,667 10 30,11700,13900,15600,19900,33300,42700,48600,0,0,0,0
PUENTE AMARILLO-Concesión Vial del Oriente - COVIORIENTE S.A.S,Concesión Vial del Oriente - COVIORIENTE S.A.S,PUENTE AMARILLO,VILLAVICENCIO-YOPAL,Concesión ANI,3168341260,3178942293  - 018000180818,3600,12500,7900,12500,17700,23700,26900,0,0,0,0
PIPIRAL-Concesión Coviandes S.A.,Concesión Coviandes S.A.,PIPIRAL,BOGOTÁ - VILLAVICENCIO,Concesión ANI,3214698772 - 3105851322,7425451,16600,33000,22500,39400,43000,65800,85100,0,0,0,0
CHICORAL-Concesionaria San Rafael  S.A.,Concesionaria San Rafael  S.A.,CHICORAL,GIRARDOT - IBAGUÉ - CAJAMARCA,Concesión ANI,3138863287,3212087489,10800,11800,10800,14100,28400,38000,41800,0,0,9500,9700
VERACRUZ-Concesión Vial del Oriente - COVIORIENTE S.A.S,Concesión Vial del Oriente - COVIORIENTE S.A.S,VERACRUZ,VILLAVICENCIO-YOPAL,Concesión ANI,3168341260,3178942293  - 018000180818,6700,13500,8700,13500,19400,26000,29100,0,0,0,0
CHINAUTA-Concesión Vía 40 Express,Concesión Vía 40 Express,CHINAUTA,IP - TERCER CARRIL,Concesión ANI,3104224687 - 3117872339 - 3117903187,3104224687 - 3117872339 - 3117903187,10300,11600,24800,40300,46300,0,0,0,0,9400,9700
NARANJAL-CONCESION COVIANDES,CONCESION COVIANDES,NARANJAL,BOGOTÁ - VILLAVICENCIO,Concesión ANI,3144360298 // 3123060332 - 3105851322,7425451,10200,26600,20100,39400,45900,52900,58800,0,0,0,0
GUALANDAY-Concesionaria San Rafael S.A.,Concesionaria San Rafael S.A.,GUALANDAY,GIRARDOT - IBAGUÉ - CAJAMARCA,Concesión ANI,3138863287,3212087489,9800,11600,27600,37100,40900,0,0,0,0,9000,9500
YUCAO-Invias,Invias,YUCAO,IP - MALLA VIAL DEL META,Concesión ANI,3102466052,018000918624 Operadores Claro - Movistar #765,4400,4800,4800,4800,19700,25000,28100,0,0,0,0
COROZAL-AUTOPISTAS DEL CAFE,AUTOPISTAS DEL CAFE,COROZAL,ARMENIA-PEREIRA-MANIZALES,Concesión ANI,(6) 3282720,3138176567 #850,10400,12600,12600,12600,30700,38400,44600,0,0,0,0
ALVARADO-Concesionaria Alternativas Viales  S.A.S,Concesionaria Alternativas Viales  S.A.S,ALVARADO,IP - CAMBAO-MANIZALES,Concesión ANI,3506666383 - 3506666384 - 3506666385,350 666-6375 - 350666-6386,10700,11400,11900,12400,26500,36200,39200,0,0,0,0
GUATAQUI-Concesión Alto Magdalena,Concesión Alto Magdalena,GUATAQUI,GIRARDOT - HONDA - PUERTO SALGAR,Concesión ANI,3219738507,3219738507,9700,14000,19200,25700,36400,59000,67400,0,0,0,0
CHUSACA-Concesión  Vía 40 Express,Concesión  Vía 40 Express,CHUSACA,IP - TERCER CARRIL,Concesión ANI,3104224687 - 3117872339 - 3117903187,3104224687 - 3117872339 - 3117903187,10300,11600,24800,40300,46300,0,0,0,0,9400,9700
SAN PEDRO-CONCESION DEVISAB,CONCESION DEVISAB,SAN PEDRO,VILLAVICENCIO-YOPAL,Departamento,#815 Tigo  018000953550,#815 Tigo  018000953550,10500,11700,13500,18200,39200,51000,58900,0,0,0,0
PATIOS-INVIAS – VIPSA,INVIAS – VIPSA,PATIOS,PERIMETRAL DE ORIENTE DE CUNDINAMARCA,Concesión ANI,3118179035,"3102399451, 3162340275, #762 y 018000181762",9600,15100,23400,34300,46900,47300,0,0,0,8400,8700
SAN PEDRO-Concesiónaria Vial del Oriente - COVIORIENTE S.A.S,Concesiónaria Vial del Oriente - COVIORIENTE S.A.S,SAN PEDRO,VILLAVICENCIO-YOPAL,Concesión ANI,3168341260,3178942293  - 018000180818,8400,9100,19400,24700,27600,0,0,0,0,8400,8700
CIRCASIA-Concesión Autopistas del café,Concesión Autopistas del café,CIRCASIA,ARMENIA-PEREIRA-MANIZALES,Concesión ANI,(6) 3282720 3138176567 #850,602 22 33,13800,17600,17600,17600,42900,52600,58600,0,0,0,0
RIO BOGOTA-CONCESION CCFC S.A,CONCESION CCFC S.A,RIO BOGOTA,FONTIBÓN - FACATATIVÁ - LOS ALPES,Concesión ANI,3792200 – 8930977,"300 2134184 - 310 3042774 - #235 Tigo, Movistar y Claro",8000,12000,10400,13900,23600,31900,34500,0,0,0,0
CORZO-CONCESION CCFC S.A,CONCESION CCFC S.A,CORZO,FONTIBÓN - FACATATIVÁ - LOS ALPES,Concesión ANI,"3792200 – 8930977 300 2134184 - 310 3042774 - #235 Tigo, Movistar y Claro",(571) 893 09 77,8000,12000,10400,13900,23600,31900,34500,0,0,0,0
SIBERIA-CONCESION SABANA DE OCCIDENTE,CONCESION SABANA DE OCCIDENTE,SIBERIA,BOGOTÁ - SIBERIA - LA PUNTA - EL VINO - VILLETA,Concesión ANI,5939260 – 3185577768 – 3102613190 - 3002149460,5939260,10000,14300,12000,16000,28100,37700,41400,5200,7200,0,0
CERRITOS II-Concesionaria de Occidente,Concesionaria de Occidente,CERRITOS II,PEREIRA - LA VICTORIA,Concesión ANI,3128509233 - 3113042754 - 3132158,CARRO TALLER 3104044111 GRUAS 313 8280776 / 77,12000,13800,34000,44600,51000,0,0,0,0,15000,15200
LA CABAÑA-PERIMETRAL ORIENTAL DE BOGOTA S.A.S,PERIMETRAL ORIENTAL DE BOGOTA S.A.S,LA CABAÑA,PERIMETRAL DE ORIENTE DE CUNDINAMARCA,Concesión ANI,3112178121,"3102399451, 3162340275, #762 y 018000181762",9600,15100,23400,34300,46900,47300,0,0,0,8400,8700
ANDES-CONCESION ACCENORTE,CONCESION ACCENORTE,ANDES,IP - ACCESOS NORTE,Concesión ANI,6760652 - 6762948  3125194023 – 3125196546,676 06 52,8700,15000,9600,21800,33100,42700,47300,0,0,0,0
FUSCA-CONCESION ACCENORTE,CONCESION ACCENORTE,FUSCA,IP - ACCESOS NORTE,Concesión ANI,6760652  Opc 1 - 3125194023 – 3125196546,676 06 52,8700,15000,9600,21800,33100,42700,47300,0,0,0,0
UNISABANA-CONCESION  ACCENORTE,CONCESION  ACCENORTE,UNISABANA,IP - ACCESOS NORTE,Concesión ANI,6760652  Opc 1 - 3125194023 – 3125196546,676 06 52,0,0,0,0,33100,42700,47300,0,0,0,0
TARAPACA I-CONCESION AUTOPISTAS DEL CAFE,CONCESION AUTOPISTAS DEL CAFE,TARAPACA I,ARMENIA-PEREIRA-MANIZALES,Concesión ANI,(6) 3282720,3138176567 #850,11500,15200,15200,15200,38100,50400,56300,0,0,0,0
TARAPACA II-Concesión Autopistas del Café,Concesión Autopistas del Café,TARAPACA II,ARMENIA-PEREIRA-MANIZALES,Concesión ANI,(6) 3282720,3138176567 #850,11500,15200,15200,15200,38100,50400,56300,0,0,0,0
ACAPULCO-CONCESION PACIFICO TRES S.A.S  (ODINSA),CONCESION PACIFICO TRES S.A.S  (ODINSA),ACAPULCO,AUTOPISTA CONEXIÓN PACIFICO 3,Concesión ANI,3219738470,018000423780 – 3219738470,11400,14100,14100,14100,33800,42400,48900,0,0,0,0
PAVAS-CONCESION AUTOPISTAS DEL CAFE,CONCESION AUTOPISTAS DEL CAFE,PAVAS,ARMENIA-PEREIRA-MANIZALES,Concesión ANI,(6) 3282720,3138176567 #850,10400,12600,12600,12600,30700,38400,44600,0,0,0,0
EL ROBLE-CONCESION BRICEÑO – TUNJA – SOGAMOSO,CONCESION BRICEÑO – TUNJA – SOGAMOSO,EL ROBLE,BRICEÑO - TUNJA - SOGAMOSO,Concesión ANI,3174341030 // 3203409278,3174422284 // 3174341120 //  3174341030 // 3164086968,8000,8900,23000,28500,33500,0,0,0,0,6800,8200
SANTAGUEDA-CONCESION AUTOPISTAS DEL CAFE,CONCESION AUTOPISTAS DEL CAFE,SANTAGUEDA,ARMENIA-PEREIRA-MANIZALES,Concesión ANI,(6) 3282720,3138176567 #850,10400,12600,12600,12600,30700,38400,44600,0,0,0,0
CAIQUERO-CONCESION SABANA DE OCCIDENTE,CONCESION SABANA DE OCCIDENTE,CAIQUERO,BOGOTÁ - SIBERIA - LA PUNTA - EL VINO - VILLETA,Concesión ANI,5939260 ---------3185577768---------- 3102613190----------- 3002149460,5939260,9300,12100,30000,36100,41500,0,0,0,0,8900,9300
MACHETA-CONCESION DEL SISGA S.A.S.,CONCESION DEL SISGA S.A.S.,MACHETA,TRANSVERSAL DEL SISGA,Concesión ANI,320 928 4913 - 321 964 0314,320 928 4913 - 321 964 0314,8500,9200,19500,24700,27700,0,0,0,0,8400,8700
CAMBAO-Concesión Alto Magdalena,Concesión Alto Magdalena,CAMBAO,GIRARDOT - HONDA - PUERTO SALGAR,Concesión ANI,3219738507,3219738507,9900,14000,19200,25700,36400,59000,67400,0,0,0,0
CASABLANCA-INVIAS,INVIAS,CASABLANCA,ZIPAQUIRÁ - PALENQUE,INVIAS,-1,-1,8200,8900,22900,28500,33300,0,0,0,0,9300,9500
HONDA-Concesionaria Alternativas Viales SAS.,Concesionaria Alternativas Viales SAS.,HONDA,IP - CAMBAO-MANIZALES,Concesión ANI,3506666383 - 3506666384 - 3506666385,350 666-6375 - 350666-6386,10700,11400,11900,12400,26500,36200,39200,0,0,0,0
ALBARRACIN-Concesión Briceño - Tunja - Sogamoso,Concesión Briceño - Tunja - Sogamoso,ALBARRACIN,BRICEÑO - TUNJA - SOGAMOSO,Concesión ANI,3174340875,3203083341,8000,8900,23000,28500,33500,0,0,0,0,6800,8200
SUPIA-Concesión Pacífico Tres,Concesión Pacífico Tres,SUPIA,AUTOPISTA CONEXIÓN PACIFICO 3,Concesión ANI,3219738470,LINEA GRATUITA: 018000423780 LINEA CELULAR: 3219738470,8300,9000,19200,24400,27400,0,0,0,0,8400,8700
EL KORAN-CONCESION HELIOS,CONCESION HELIOS,EL KORAN,RUTA DEL SOL 1,Concesión ANI,(1) 5188489,3185166166 / 018000914181,12800,18000,25400,53100,66000,78300,0,0,0,8800,9100
TUTA-Concesión Briceño - Tunja - Sogamoso,Concesión Briceño - Tunja - Sogamoso,TUTA,BRICEÑO - TUNJA - SOGAMOSO,Concesión ANI,3174340959,3174422284     /  3174422284,8000,8900,23000,28500,33500,0,0,0,0,6800,8200
SABOYA-INVIAS,INVIAS,SABOYA,ZIPAQUIRÁ - PALENQUE,INVIAS,-1,-1,8200,8900,22900,28500,33300,0,0,0,0,9300,9500
LA PINTADA-Concesión Pacifico Tres S.A.S.,Concesión Pacifico Tres S.A.S.,LA PINTADA,AUTOPISTA CONEXIÓN PACIFICO 2,Concesión ANI,3173673153,3185018100  - #272 Claro Movistar y Tigo,8300,9000,19200,24400,27400,0,0,0,0,8400,8700
PRIMAVERA-CONCESION LA PINTADA S.A.S. (ODINSA),CONCESION LA PINTADA S.A.S. (ODINSA),PRIMAVERA,AUTOPISTA CONEXIÓN PACIFICO 2,Concesión ANI,3173673153,3185018100  - #272 Claro Movistar y Tigo,8300,9000,19200,24400,27400,0,0,0,0,8400,8700
AMAGA-Concesión Vial del Pacífico,Concesión Vial del Pacífico,AMAGA,AUTOPISTA CONEXIÓN PACIFICO 1,Concesión ANI,3207103032,3207103032,8300,9000,19200,24400,27400,0,0,0,0,8400,8700
COCORNA-,,COCORNA,DESARROLLO VIAL DEL ORIENTE DE MEDELLÍN,INVIAS,-1,-1,12100,19100,16700,20800,41600,59300,59300,0,0,0,0
LAS PALMAS-Concesión Túnel Aburrá - Oriente S.A.,Concesión Túnel Aburrá - Oriente S.A.,LAS PALMAS,DESARROLLO VIAL DEL ORIENTE DE MEDELLÍN,Concesión ANI,(4) 4446178 - 2228085 - 4602225,(4) 4446178 - 2228085 - 4602225,8700,10500,10500,10500,23300,31400,35100,0,0,0,0
OIBA-Invias,Invias,OIBA,ZIPAQUIRÁ - PALENQUE,INVIAS,-1,-1,8200,8900,22900,28500,33300,0,0,0,0,9300,9500
ZAMBITO-Concesionaria Ruta Del Sol,Concesionaria Ruta Del Sol,ZAMBITO,RUTA DEL SOL SECTOR 2,INVIAS,3165298178,-1,10500,13300,31200,37400,43900,0,0,0,0,9300,9500
SAN CRISTOBAL-DESARROLLO VIAL AL MAR SAS,DESARROLLO VIAL AL MAR SAS,SAN CRISTOBAL,CONCESIÓN AUTOPISTA AL MAR 1,Concesión ANI,(1) 2863300,3176676335   018000400016,16200,18300,39900,51900,62100,0,0,0,0,0,6300
PALMITAS-DESARROLLO VIAL AL MAR SAS,DESARROLLO VIAL AL MAR SAS,PALMITAS,CONCESIÓN AUTOPISTA AL MAR 1,Concesión ANI,3176676335   018000400016,3176676335   018000400016,16200,18300,39900,51900,62100,0,0,0,0,0,6300
GUARNE-Concesión Devimed,Concesión Devimed,GUARNE,DESARROLLO VIAL DEL ORIENTE DE MEDELLÍN,Concesión ANI,018000518427  - 408-08-42 - 3860085,3206588921 - 3128199563,12000,20900,16700,20900,41600,59300,59300,0,0,0,0
PUERTO BERRIO-Concesión Autopistas del Río Magdalena,Concesión Autopistas del Río Magdalena,PUERTO BERRIO,AUTOPISTAS AL RÍO MAGDALENA 2,Concesión ANI,3183729221,348326778,8500,9300,19500,24800,27900,0,0,0,0,8400,8700
CISNEROS-Concesión Vías del Nus – VINUS S.A.S,Concesión Vías del Nus – VINUS S.A.S,CISNEROS,IP - VÍA DEL NUS,Concesión ANI,321 812 2264,311 739 5570 – 018000413724 – (4) 8603102,8300,8900,8900,8900,18800,23900,27000,0,0,8400,8700
CURITI-,,CURITI,ZIPAQUIRÁ - PALENQUE,INVIAS,-1,-1,8200,8900,22900,28500,33300,0,0,0,0,9300,9500
AGUAS NEGRAS-Concesionaria Ruta Del Sol,Concesionaria Ruta Del Sol,AGUAS NEGRAS,RUTA DEL SOL SECTOR 2,INVIAS,3165298177,No cuenta con servicio,10500,13300,31200,37400,43900,0,0,0,0,9300,9500
LOS CUROS-Invias,Invias,LOS CUROS,ZIPAQUIRÁ - PALENQUE,INVIAS,-1,-1,8200,8900,22900,28500,33300,0,0,0,0,9300,9500
LEBRIJA-DEPARTAMENTO,DEPARTAMENTO,LEBRIJA,ZONA METROPOLITANA DE BUCARAMANGA,Departamento,3188884392,No cuenta con servcicio,7200,8200,19600,26000,29800,0,0,0,0,0,0
EL PICACHO-Autopista Bucaramanga - Pamplona S.A.S.,Autopista Bucaramanga - Pamplona S.A.S.,EL PICACHO,BUCARAMANGA - PAMPLONA,Concesión ANI,301 568 2586,301 568 2586,8500,9300,19500,24800,27900,0,0,0,0,8400,8700
RIO SOGAMOSO-RUTA DEL CACAO,RUTA DEL CACAO,RIO SOGAMOSO,BUCARAMANGA - BARRANCABERMEJA - YONDÓ,Concesión ANI,317 573 8658,310 391 0901 – 317 765 0144,8500,9300,19500,24800,27900,0,0,0,0,8400,8700
RIONEGRO-DEPARTAMENTO,DEPARTAMENTO,RIONEGRO,ZONA METROPOLITANA DE BUCARAMANGA,Departamento,6569259,No cuenta con servicio,7200,8200,19600,26000,29800,0,0,0,0,0,0
LA GOMEZ-INVIAS,INVIAS,LA GOMEZ,RUTA DEL SOL SECTOR 2,INVIAS,-1,-1,10500,13300,31200,37400,43900,0,0,0,0,9300,9500
LOS ACACIOS-CONCESION UNION  VIAL RIO PAMPLONITA,CONCESION UNION  VIAL RIO PAMPLONITA,LOS ACACIOS,ÁREA METROPOLITANA DE CÚCUTA Y NORTE DE SANTANDER,Concesión ANI,(7) 5767878,3203452139,6100,8700,19500,25100,28500,0,0,0,0,8500,8800
LA PARADA-Concesionaria San Simón S.A,Concesionaria San Simón S.A,LA PARADA,ÁREA METROPOLITANA DE CÚCUTA Y NORTE DE SANTANDER,Concesión ANI,3104946611,320 345 2139,2000,2000,2000,2000,2000,0,0,0,0,0,2000
EL ESCOBAL-Concesionaria San Simón S.A,Concesionaria San Simón S.A,EL ESCOBAL,ÁREA METROPOLITANA DE CÚCUTA Y NORTE DE SANTANDER,Concesión ANI,(7) 5767878,320 345 2139,2000,2000,2000,2000,2000,0,0,0,0,0,2000
LA APARTADA-Concesión Ruta al Mar,Concesión Ruta al Mar,LA APARTADA,IP - ANTIOQUIA BOLIVAR,Concesión ANI,3102467118,3216177100,12600,18600,18600,18600,33600,53600,61800,0,0,0,0
MORRISON-Concesión ruta el sol,Concesión ruta el sol,MORRISON,RUTA DEL SOL SECTOR 2,INVIAS,3165280395,No cuenta con servicio,9400,10300,21400,27400,31200,0,0,0,0,9300,9500
PLATANAL-Concesión ruta el sol,Concesión ruta el sol,PLATANAL,RUTA DEL SOL SECTOR 2,INVIAS,-1,-1,7900,8900,18800,23800,27300,0,0,0,0,8100,8400
MANGUITOS-Concesión Ruta al Mar,Concesión Ruta al Mar,MANGUITOS,IP - ANTIOQUIA BOLIVAR,Concesión ANI,-1,3216177100,12600,18600,18600,18600,33600,53600,61800,0,0,0,0
GAMARRA-,,GAMARRA,RUTA DEL SOL SECTOR 2,INVIAS,-1,-1,7900,8900,18800,23800,27300,0,0,0,0,8100,8400
PURGATORIO-Vías las Américas S.A.S,Vías las Américas S.A.S,PURGATORIO,IP - ANTIOQUIA BOLIVAR,Concesión ANI,3116346239 - 3116346139,947911207,12600,18600,18600,18600,33600,53600,61800,0,0,0,0
SAN CARLOS-Conseción Ruta al Mar,Conseción Ruta al Mar,SAN CARLOS,IP - ANTIOQUIA BOLIVAR,Concesión ANI,-1,3216177100,12300,18200,18200,19500,19500,28300,28700,0,0,0,0
CEDROS-Vías las Americas S.A.S,Vías las Americas S.A.S,CEDROS,IP - ANTIOQUIA BOLIVAR,Concesión ANI,3116346193 - 3116346192,094 - 7911207,12600,18600,18600,18600,33600,53600,61800,0,0,0,0
LOS GARZONES 1 Y LOS GARZONES 2-Concesión Autopistas de la Sabana Córdoba - Sucre,Concesión Autopistas de la Sabana Córdoba - Sucre,LOS GARZONES 1 Y LOS GARZONES 2,CÓRDOBA - SUCRE,Concesión ANI,3124964386,3184095455 – 3182406622,4500,12000,18600,23600,27100,0,0,0,0,0,0
PAILITAS-INVIAS,INVIAS,PAILITAS,RUTA DEL SOL SECTOR 2,INVIAS,3165280395,-1,9400,10300,21400,27400,31200,0,0,0,0,9300,9500
MATA DE CAÑA-Concesión Ruta al Mar,Concesión Ruta al Mar,MATA DE CAÑA,IP - ANTIOQUIA BOLIVAR,Concesión ANI,3102468199 - 3145007265,3216177100,12300,18200,18200,18200,19500,28300,28400,0,0,0,0
LAS FLORES-Concesión Autopistas de la Sabana Córdoba - Sucre,Concesión Autopistas de la Sabana Córdoba - Sucre,LAS FLORES,CÓRDOBA - SUCRE,Concesión ANI,3124964386,3184095455 – 3182406622,4500,12000,18600,23600,27100,0,0,0,0,0,0
LA ESPERANZA-Concesión Autopistas de la Sabana Córdoba - Sucre,Concesión Autopistas de la Sabana Córdoba - Sucre,LA ESPERANZA,CÓRDOBA - SUCRE,Concesión ANI,3124964386,3184095455 – 3182406622,8200,8900,19200,24300,27400,0,0,0,0,8400,8700
RINCON HONDO-INVIAS,INVIAS,RINCON HONDO,IP - CESAR - GUAJIRA,INVIAS,-1,-1,9300,9900,10800,11500,12400,35600,40800,0,0,0,0
CAIMANERA-Concesión Ruta al Mar,Concesión Ruta al Mar,CAIMANERA,IP - ANTIOQUIA BOLIVAR,Concesión ANI,3153483271,3216177100,12300,18200,18200,18200,19500,28300,28400,0,0,0,0
LA LOMA-Concesión Yuma,Concesión Yuma,LA LOMA,RUTA DEL SOL SECTOR 3,Concesión ANI,3158210547,018000945566 Opción 1,8100,9000,19500,25100,28500,0,0,0,0,8700,9000
EL CARMEN-Autopista de la sabana,Autopista de la sabana,EL CARMEN,PUERTA DE HIERRO - CRUZ DEL VISO,Concesión ANI,3162954845,3162954845 - #270 Claro,8800,9600,20100,25600,28800,0,0,0,0,8400,8700
PUENTE PLATO-Concesión (Yuma),Concesión (Yuma),PUENTE PLATO,RUTA DEL SOL SECTOR 3,Concesión ANI,3165280403,018000945566 Opción 1,9200,11400,24100,34100,36600,0,0,0,0,8700,9000
EL DIFICIL-Concesión (Yuma),Concesión (Yuma),EL DIFICIL,RUTA DEL SOL SECTOR 3,Concesión ANI,3165298176,018000945566 Opción 1,9200,11400,24100,34100,36600,0,0,0,0,8700,9000
SAN ONOFRE-Concesión Ruta al Mar,Concesión Ruta al Mar,SAN ONOFRE,IP - ANTIOQUIA BOLIVAR,Concesión ANI,3104320955,3216177100,12600,18600,18600,18600,33600,53600,61800,0,0,0,0
EL COPEY-Yuma concecionaria,Yuma concecionaria,EL COPEY,RUTA DEL SOL SECTOR 3,Concesión ANI,3165280504,018000945566 Opción 1,7900,8700,20300,26700,30900,0,0,0,0,9100,9500
SAN DIEGO-INVIAS,INVIAS,SAN DIEGO,IP - CESAR - GUAJIRA,INVIAS,-1,-1,4600,5000,5500,5900,12300,35600,40500,0,0,0,0
GAMBOTE-Ruta Caribe,Ruta Caribe,GAMBOTE,RUTA CARIBE,Concesión ANI,3212057230,3212057227,8000,8900,19800,26400,30200,0,0,0,0,8400,8700
CALAMAR-Concesión Montes de Maria,Concesión Montes de Maria,CALAMAR,PUERTA DE HIERRO - CRUZ DEL VISO,Concesión ANI,3162954845,3162954845 - #270 Claro,8300,9000,19200,24400,27400,0,0,0,0,8400,8700
PASACABALLOS-AUTOPISTAS DEL SOL S.A.,AUTOPISTAS DEL SOL S.A.,PASACABALLOS,RUTA CARIBE,Concesión ANI,-1,-1,8100,8800,18700,24400,28300,28300,28300,0,0,0,0
VALENCIA-Yuma concecionaria,Yuma concecionaria,VALENCIA,RUTA DEL SOL SECTOR 3,Concesión ANI,3165280411,018000945566 Opción 1,8100,9000,19500,25100,28500,0,0,0,0,8700,9000
TURBACO-Ruta Caribe,Ruta Caribe,TURBACO,RUTA CARIBE,Concesión ANI,3212057230,3212057227,3100,7600,9300,0,0,0,0,0,0,0,0
BAYUNCA-Autopistas del sol,Autopistas del sol,BAYUNCA,RUTA CARIBE,Concesión ANI,3212057236,3212057227,8000,8900,19800,26400,30200,0,0,0,0,8400,8700
MARAHUACO-Consorcio vía al mar,Consorcio vía al mar,MARAHUACO,CARTAGENA-BARRANQUILLA,Concesión ANI,3124572713 - 3157210245 O # 212 Movistar / 3106303666 O # 211 Claro / 3004510014 O # 211 Tigo,(5) 353 76 61 - 353 76 62 - 353 76 65,11300,17200,12300,21800,68700,91800,101900,0,0,0,0
TUCURINCA-Concesión (Yuma),Concesión (Yuma),TUCURINCA,RUTA DEL SOL SECTOR 3,Concesión ANI,3176486588,018000945566 Opción 1,8500,9400,21900,28800,33400,0,0,0,0,9800,10300
SABANAGRANDE-Consorcio Ruta Caribe,Consorcio Ruta Caribe,SABANAGRANDE,RUTA CARIBE,Concesión ANI,3006738048,3212057227,8500,9200,20200,26400,30500,0,0,0,0,8400,8700
SAN JUAN-INVIAS,INVIAS,SAN JUAN,IP - CESAR - GUAJIRA,INVIAS,-1,-1,9300,9900,10800,11500,12400,35600,40800,0,0,0,0
GALAPA-Autopista del Sol,Autopista del Sol,GALAPA,CARTAGENA - BARRANQUILLA CIRCUNVALAR DE LA PROSPERIDAD,Concesión ANI,3212057229,3212057229,8500,9200,19700,25300,28500,0,0,0,0,8700,9000
PUERTO COLOMBIA-Consorcio vía al mar,Consorcio vía al mar,PUERTO COLOMBIA,CARTAGENA-BARRANQUILLA,Concesión ANI,3124572706 - 3157210245 o #212 Movistar / 3106303666 o #211 Claro / 3004510014 o #211 Tigo,(5) 353 76 61 - 353 76 62 - 353 76 65,11300,17200,12300,21800,68700,91800,101900,0,0,0,0
PAPIROS-Consorcio vía al mar,Consorcio vía al mar,PAPIROS,CARTAGENA-BARRANQUILLA,Concesión ANI,3173317167,3157210245 o #212 Movistar / 3106303666 o #211 Claro / 3004510014 o #211 Tigo,4800,5700,11400,20200,63600,85000,94400,0,0,0,0
EL EBANAL-Concesión  Santa Marta - Paraguachón S.A .,Concesión  Santa Marta - Paraguachón S.A .,EL EBANAL,SANTA MARTA-RIOHACHA-PARAGUACHÓN,Concesión ANI,3143300807 - 3143300807 - (5) 7288542 /43,(5) 728 85 43,9600,14800,11900,18900,27700,44700,56400,0,0,0,0
PARAGUACHON-Concesión  Santa Marta Paraguachón S.A.,Concesión  Santa Marta Paraguachón S.A.,PARAGUACHON,SANTA MARTA-RIOHACHA-PARAGUACHÓN,Concesión ANI,3143300807 - 3143300807 - (5) 7288542 /43,(5) 728 85 43,9600,14800,11900,18900,27700,44700,56400,0,0,0,0
ALTO PINO-Concesión  Santa Marta Paraguachón S.A,Concesión  Santa Marta Paraguachón S.A,ALTO PINO,SANTA MARTA-RIOHACHA-PARAGUACHÓN,Concesión ANI,3143300807 - 314 3300807 - (5) 7288542 /43,(5) 728 85 43,9600,14800,11900,18900,27700,44700,56400,0,0,0,0
