No.;SiglaProyecto;NombreProyecto;NombreEstacionPeaje; 2016Ene ; 2016Feb ; 2016Mar ; 2016Abr ; 2016May ; 2016Jun ; 2016Jul ; 2016Ago ; 2016Sep ; 2016Oct ; 2016Nov ; 2016Dic ; 2017Ene ; 2017Feb ; 2017Mar ; 2017Abr ; 2017May ; 2017Jun ; 2017Jul ; 2017Ago ; 2017Sep ; 2017Oct ; 2017Nov ; 2017Dic ; 2018Ene ; 2018Feb ; 2018Mar ; 2018Abr ; 2018May ; 2018Jun ; 2018Jul ; 2018Ago ; 2018Sept ; 2018Oct ; 2018Nov ; 2018Dic 
1;APM;ARMENIA-PEREIRA-MANIZALES;CIRCASIA; 272.350 ; 191.931 ; 237.172 ; 196.234 ; 216.590 ; 219.414 ; 237.731 ; 230.308 ; 207.972 ; 233.360 ; 224.161 ; 269.845 ; 9.060 ; 7.007 ; 7.006 ; 7.992 ; 7.020 ; 7.778 ; 7.940 ; 7.737 ; 7.250 ; 7.766 ; 7.780 ; 9.293 ; 289.888 ; 203.841 ; 254.102 ; 219.547 ; 222.486 ; 199.905 ; 256.688 ; 247.892 ; 230.464 ; 247.173 ; 240.944 ; 300.383 
2;APM;ARMENIA-PEREIRA-MANIZALES;COROZAL; 229.713 ; 159.011 ; 201.959 ; 163.674 ; 181.470 ; 174.883 ; 186.880 ; 204.749 ; 179.382 ; 193.508 ; 186.849 ; 220.990 ; 7.368 ; 5.707 ; 5.538 ; 6.538 ; 5.074 ; 6.312 ; 6.553 ; 6.256 ; 5.941 ; 6.271 ; 6.095 ; 7.091 ; 226.678 ; 159.986 ; 198.039 ; 175.620 ; 171.792 ; 159.998 ; 204.259 ; 195.559 ; 182.830 ; 201.643 ; 190.100 ; 224.507 
3;APM;ARMENIA-PEREIRA-MANIZALES;PAVAS; 128.523 ; 88.179 ; 103.801 ; 90.936 ; 97.476 ; 97.013 ; 105.797 ; 101.695 ; 95.892 ; 108.653 ; 104.341 ; 122.900 ; 4.304 ; 3.198 ; 3.304 ; 3.598 ; 4.192 ; 3.555 ; 3.556 ; 3.551 ; 3.415 ; 3.651 ; 4.177 ; 4.307 ; 140.770 ; 102.959 ; 117.668 ; 107.033 ; 109.986 ; 93.357 ; 118.587 ; 118.063 ; 104.595 ; 114.612 ; 109.240 ; 128.892 
4;APM;ARMENIA-PEREIRA-MANIZALES;SAN BERNARDO; 111.341 ; 80.790 ; 98.452 ; 82.138 ; 93.916 ; 90.960 ; 102.911 ; 98.189 ; 89.227 ; 99.515 ; 95.606 ; 122.625 ; 3.755 ; 2.974 ; 2.926 ; 2.908 ; 2.681 ; 3.168 ; 3.320 ; 3.133 ; 3.214 ; 3.057 ; 3.498 ; 3.906 ; 98.673 ; 53.077 ; 79.091 ; 67.491 ; 61.570 ; 58.360 ; 71.016 ; 69.836 ; 66.403 ; 73.853 ; 76.567 ; 100.459 
5;APM;ARMENIA-PEREIRA-MANIZALES;SANTAGUEDA; 138.482 ; 89.924 ; 120.544 ; 88.754 ; 101.169 ; 93.851 ; 101.415 ; 116.768 ; 94.668 ; 106.737 ; 100.826 ; 125.486 ; 4.413 ; 3.077 ; 3.038 ; 3.620 ; 2.835 ; 3.504 ; 3.443 ; 3.435 ; 3.102 ; 3.339 ; 3.274 ; 4.002 ; 91.233 ; 12.290 ; 59.931 ; 70.013 ; 58.064 ; 57.158 ; 73.155 ; 72.017 ; 62.237 ; 70.119 ; 67.190 ; 93.636 
6;APM;ARMENIA-PEREIRA-MANIZALES;TARAPACA I; 102.351 ; 79.860 ; 87.081 ; 80.870 ; 83.168 ; 72.835 ; 80.616 ; 151.346 ; 165.040 ; 99.615 ; 93.678 ; 101.941 ; 3.541 ; 3.039 ; 2.902 ; 2.955 ; 2.743 ; 2.947 ; 2.951 ; 2.941 ; 2.832 ; 2.874 ; 2.802 ; 3.383 ; 96.067 ; 59.858 ; 69.606 ; 72.441 ; 71.817 ; 60.035 ; 73.961 ; 73.372 ; 69.485 ; 74.292 ; 69.941 ; 80.484 
7;APM;ARMENIA-PEREIRA-MANIZALES;TARAPACA II; 290.506 ; 202.772 ; 252.465 ; 210.482 ; 233.791 ; 231.486 ; 242.645 ; 185.606 ; 138.327 ; 234.563 ; 227.970 ; 278.000 ; 9.326 ; 6.943 ; 7.103 ; 8.005 ; 7.244 ; 8.055 ; 8.072 ; 7.875 ; 7.342 ; 7.880 ; 8.081 ; 9.473 ; 276.101 ; 170.038 ; 240.857 ; 223.729 ; 221.877 ; 201.231 ; 252.421 ; 247.129 ; 221.736 ; 241.749 ; 234.737 ; 290.338 
8;SV;BOGOTÁ - SIBERIA - LA PUNTA - EL VINO - VILLETA;CAIQUERO; 275.069 ; 142.564 ; 208.017 ; 143.959 ; 175.161 ; 184.340 ; 211.533 ; 186.802 ; 159.077 ; 200.521 ; 191.994 ; 258.301 ; 9.247 ; 5.305 ; 5.522 ; 7.097 ; 5.482 ; 6.913 ; 6.857 ; 6.579 ; 5.510 ; 6.714 ; 6.530 ; 9.126 ; 297.080 ; 153.451 ; 219.167 ; 176.086 ; 176.462 ; 214.556 ; 226.198 ; 207.882 ; 173.691 ; 208.560 ; 203.104 ; 282.390 
9;SV;BOGOTÁ - SIBERIA - LA PUNTA - EL VINO - VILLETA;SIBERIA; 593.082 ; 434.027 ; 521.217 ; 453.812 ; 506.815 ; 504.687 ; 549.385 ; 509.549 ; 457.250 ; 517.612 ; 489.411 ; 577.447 ; 18.578 ; 14.895 ; 15.244 ; 17.252 ; 15.689 ; 17.215 ; 17.111 ; 16.980 ; 15.720 ; 17.219 ; 17.231 ; 20.121 ; 601.053 ; 440.175 ; 539.342 ; 480.563 ; 492.264 ; 532.519 ; 558.465 ; 543.760 ; 498.169 ; 537.613 ; 525.803 ; 636.909 
10;BV;BOGOTÁ - VILLAVICENCIO;BOQUERON I Y BOQUERON II; 438.592 ; 313.211 ; 374.909 ; 304.595 ; 340.728 ; 336.393 ; 356.542 ; 343.649 ; 317.735 ; 370.791 ; 351.529 ; 416.282 ; 13.724 ; 10.485 ; 10.884 ; 12.164 ; 10.614 ; 11.179 ; 10.926 ; 11.458 ; 10.463 ; 11.835 ; 11.571 ; 13.944 ; 424.730 ; 267.356 ; 362.131 ; 319.917 ; 309.874 ; 347.000 ; 341.511 ; 299.331 ; 283.197 ; 348.864 ; 344.823 ; 419.129 
12;BV;BOGOTÁ - VILLAVICENCIO;NARANJAL; 393.792 ; 274.556 ; 330.945 ; 266.336 ; 294.629 ; 293.574 ; 308.578 ; 297.455 ; 274.606 ; 319.896 ; 300.527 ; 358.023 ; 12.028 ; 8.924 ; 9.351 ; 10.507 ; 8.937 ; 9.377 ; 9.237 ; 9.899 ; 8.937 ; 10.171 ; 9.864 ; 12.046 ; 371.073 ; 220.522 ; 307.081 ; 269.005 ; 251.936 ; 293.282 ; 281.950 ; 234.460 ; 225.968 ; 291.074 ; 285.413 ; 355.037 
13;BV;BOGOTÁ - VILLAVICENCIO;PIPIRAL; 383.422 ; 263.307 ; 319.108 ; 253.478 ; 281.955 ; 282.980 ; 300.970 ; 287.844 ; 266.136 ; 314.772 ; 296.512 ; 354.844 ; 11.952 ; 8.850 ; 9.281 ; 10.488 ; 8.905 ; 9.310 ; 9.132 ; 9.835 ; 8.876 ; 10.131 ; 9.856 ; 12.054 ; 372.908 ; 223.727 ; 310.837 ; 273.412 ; 255.888 ; 295.927 ; 283.925 ; 238.006 ; 232.825 ; 298.317 ; 293.347 ; 361.040 
14;CB;CARTAGENA-BARRANQUILLA;MARAHUACO; 150.624 ; 116.039 ; 130.521 ; 105.685 ; 115.154 ; 117.870 ; 133.283 ; 122.998 ; 111.392 ; 121.392 ; 114.890 ; 132.956 ; 4.789 ; 4.117 ; 3.702 ; 4.026 ; 3.366 ; 3.858 ; 4.040 ; 3.767 ; 3.789 ; 4.146 ; 3.849 ; 4.490 ; 152.528 ; 119.145 ; 136.019 ; 117.994 ; 111.282 ; 120.184 ; 135.429 ; 129.188 ; 114.964 ; 127.497 ; 125.773 ; 154.819 
15;CB;CARTAGENA-BARRANQUILLA;PAPIROS; 40.298 ; 42.069 ; 42.931 ; 45.849 ; 47.031 ; 37.946 ; 32.533 ; 37.712 ; 38.920 ; 29.337 ; 27.283 ; 27.521 ; 1.062 ; 1.016 ; 1.116 ; 1.075 ; 1.241 ; 1.168 ; 1.044 ; 1.319 ; 1.524 ; 1.530 ; 1.760 ; 1.513 ; 48.567 ; 44.770 ; 50.705 ; 56.273 ; 56.995 ; 44.371 ; 134.189 ; 54.368 ; 55.416 ; 55.238 ; 54.656 ; 51.989 
16;CB;CARTAGENA-BARRANQUILLA;PUERTO COLOMBIA; 224.862 ; 161.503 ; 193.958 ; 149.624 ; 170.995 ; 168.219 ; 198.028 ; 173.502 ; 154.640 ; 170.667 ; 159.063 ; 189.124 ; 6.963 ; 5.704 ; 5.217 ; 5.979 ; 4.870 ; 5.665 ; 5.912 ; 5.438 ; 5.221 ; 5.787 ; 5.593 ; 6.509 ; 214.778 ; 159.335 ; 191.824 ; 157.748 ; 154.361 ; 176.143 ; 201.883 ; 184.915 ; 163.986 ; 179.552 ; 181.665 ; 220.649 
17;DVN;DESARROLLO VIAL DEL NORTE DE BOGOTÁ;ANDES; 1.036.048 ; 1.001.589 ; 1.058.358 ; 1.025.509 ; 1.066.629 ; 1.039.355 ; 1.047.928 ; 1.103.631 ; 1.076.323 ; 1.119.480 ; 1.094.885 ; 1.247.473 ; 34.749 ; 35.589 ; 35.253 ; 35.577 ; 35.534 ; 36.572 ; 36.150 ; 36.998 ; 36.328 ; 36.493 ; 37.312 ; -   ; -   ; -   ; -   ; -   ; -   ; -   ; -   ; -   ; -   ; -   ; -   ; -   
18;DVN;DESARROLLO VIAL DEL NORTE DE BOGOTÁ;FUSCA; 85.477 ; 96.283 ; 99.700 ; 104.633 ; 108.070 ; 96.278 ; 89.580 ; 104.129 ; 108.411 ; 104.041 ; 105.452 ; 107.204 ; 2.772 ; 3.661 ; 3.752 ; 3.312 ; 3.356 ; 3.110 ; 2.871 ; 3.384 ; 3.263 ; 3.151 ; 3.331 ; -   ; -   ; -   ; -   ; -   ; -   ; -   ; -   ; -   ; -   ; -   ; -   ; -   
19;DVN;DESARROLLO VIAL DEL NORTE DE BOGOTÁ;UNISABANA; 6.918 ; 7.898 ; 8.454 ; 7.808 ; 7.005 ; 6.104 ; 6.307 ; 8.184 ; 5.835 ; 6.378 ; 7.062 ; 7.393 ; 208 ; 233 ; 211 ; 205 ; 223 ; 225 ; 220 ; 226 ; 230 ; 230 ; 239 ; -   ; -   ; -   ; -   ; -   ; -   ; -   ; -   ; -   ; -   ; -   ; -   ; -   
20;DVM;DESARROLLO VIAL DEL ORIENTE DE MEDELLÍN;COCORNA; 180.523 ; 108.380 ; 142.183 ; 106.275 ; 120.986 ; 123.520 ; 123.667 ; 137.984 ; 118.759 ; 143.992 ; 141.380 ; 176.893 ; 5.825 ; 4.138 ; 4.108 ; 4.913 ; 4.247 ; 4.994 ; 4.926 ; 4.875 ; 4.286 ; 4.769 ; 4.839 ; 6.047 ; 199.901 ; 121.191 ; 154.535 ; 133.044 ; 128.955 ; 151.143 ; 157.154 ; 153.711 ; -   ; -   ; -   ; -   
21;DVM;DESARROLLO VIAL DEL ORIENTE DE MEDELLÍN;GUARNE; 679.452 ; 531.865 ; 608.554 ; 536.188 ; 596.588 ; 588.643 ; 597.034 ; 634.257 ; 579.692 ; 546.704 ; 497.690 ; 600.295 ; 7.080 ; 18.141 ; 18.139 ; 19.516 ; 18.869 ; 19.970 ; 20.633 ; 20.129 ; 18.971 ; 19.467 ; 20.217 ; 22.775 ; 691.087 ; 549.527 ; 639.142 ; 588.284 ; 602.788 ; 647.580 ; 674.174 ; 674.263 ; 621.268 ; 651.998 ; 647.119 ; 764.383 
22;DVM;DESARROLLO VIAL DEL ORIENTE DE MEDELLÍN;LAS PALMAS; 276.928 ; 262.642 ; 282.694 ; 265.708 ; 286.889 ; 277.802 ; 293.479 ; 292.965 ; 281.103 ; 298.662 ; 300.545 ; 338.457 ; 11.000 ; 9.743 ; 9.421 ; 9.587 ; 9.593 ; 9.696 ; 9.833 ; 9.852 ; 9.488 ; 9.585 ; 9.980 ; 10.824 ; 297.229 ; 277.374 ; 310.213 ; 302.718 ; 309.656 ; 308.317 ; 320.236 ; 335.476 ; 320.596 ; 316.377 ; 323.582 ; 354.137 
23;DVM;DESARROLLO VIAL DEL ORIENTE DE MEDELLÍN;PTO TRIUNFO; 157.971 ; 92.581 ; 126.686 ; 92.112 ; 102.676 ; 106.902 ; 107.472 ; 117.410 ; 98.061 ; 114.767 ; 112.728 ; 146.006 ; 4.979 ; 3.315 ; 3.283 ; 4.053 ; 3.319 ; 4.000 ; 3.900 ; 3.881 ; 3.450 ; 3.920 ; 3.889 ; 5.131 ; 169.702 ; 99.549 ; 126.966 ; 110.771 ; 106.053 ; 122.674 ; 128.324 ; 127.456 ; -   ; -   ; -   ; -   
24;FFA;FONTIBÓN - FACATATIVÁ - LOS ALPES;CORZO; 298.387 ; 264.622 ; 282.953 ; 270.446 ; 288.836 ; 279.452 ; 288.443 ; 299.599 ; 288.888 ; 301.450 ; 289.426 ; 307.317 ; 9.977 ; 9.646 ; 9.506 ; 9.590 ; 9.712 ; 9.688 ; 9.968 ; 9.773 ; 9.450 ; 9.641 ; 9.624 ; 9.938 ; 309.681 ; 267.127 ; 296.647 ; 273.396 ; 294.099 ; 288.437 ; 308.166 ; 303.272 ; 293.726 ; 304.566 ; 292.525 ; 314.172 
25;FFA;FONTIBÓN - FACATATIVÁ - LOS ALPES;RIO BOGOTA; 714.286 ; 711.530 ; 740.442 ; 735.962 ; 760.224 ; 739.632 ; 750.798 ; 770.933 ; 746.908 ; 767.333 ; 743.670 ; 813.290 ; 23.510 ; 24.795 ; 25.076 ; 25.071 ; 25.069 ; 25.317 ; 25.378 ; 25.362 ; 24.978 ; 25.219 ; 25.709 ; 27.340 ; 743.777 ; 708.900 ; 792.520 ; 728.417 ; 804.820 ; 796.714 ; 799.442 ; 819.476 ; 791.831 ; 817.909 ; 797.097 ; 883.196 
26;MVM;MALLA VIAL DEL META;IRACA; -   ; -   ; -   ; -   ; -   ; -   ; -   ; -   ; -   ; -   ; -   ; -   ; -   ; -   ; -   ; -   ; -   ; -   ; -   ; -   ; -   ; -   ; -   ; -   ; -   ; -   ; -   ; -   ; -   ; -   ; -   ; -   ; -   ; -   ; -   ; -   
27;MVM;MALLA VIAL DEL META;LA LIBERTAD; -   ; -   ; -   ; -   ; -   ; -   ; -   ; -   ; -   ; -   ; -   ; -   ; -   ; -   ; -   ; -   ; -   ; -   ; -   ; -   ; -   ; -   ; -   ; -   ; -   ; -   ; -   ; -   ; -   ; -   ; -   ; -   ; -   ; -   ; -   ; -   
28;MVM;MALLA VIAL DEL META;OCOA; -   ; -   ; -   ; -   ; -   ; -   ; -   ; -   ; -   ; -   ; -   ; -   ; -   ; -   ; -   ; -   ; -   ; -   ; -   ; -   ; -   ; -   ; -   ; -   ; -   ; -   ; -   ; -   ; -   ; -   ; -   ; -   ; -   ; -   ; -   ; -   
29;MVM;MALLA VIAL DEL META;PUENTE AMARILLO; -   ; -   ; -   ; -   ; -   ; -   ; -   ; -   ; -   ; -   ; -   ; -   ; -   ; -   ; -   ; -   ; -   ; -   ; -   ; -   ; -   ; -   ; -   ; -   ; -   ; -   ; -   ; -   ; -   ; -   ; -   ; -   ; -   ; -   ; -   ; -   
30;MVM;MALLA VIAL DEL META;VERACRUZ; -   ; -   ; -   ; -   ; -   ; -   ; -   ; -   ; -   ; -   ; -   ; -   ; -   ; -   ; -   ; -   ; -   ; -   ; -   ; -   ; -   ; -   ; -   ; -   ; -   ; -   ; -   ; -   ; -   ; -   ; -   ; -   ; -   ; -   ; -   ; -   
31;NEG;NEIVA - ESPINAL - GIRARDOT;EL PATA; -   ; -   ; -   ; -   ; -   ; 41.298 ; 122.051 ; 110.620 ; 97.886 ; 115.023 ; 109.246 ; 139.593 ;; -   ; -   ; -   ; -   ; -   ; -   ; -   ; -   ; -   ; -   ; -   ; -   ; -   ; -   ; -   ; -   ; -   ; -   ; -   ; -   ; -   ; -   ; -   
32;NEG;NEIVA - ESPINAL - GIRARDOT;FLANDES; -   ; -   ; -   ; -   ; -   ; 55.020 ; 159.841 ; 150.264 ; 138.367 ; 158.030 ; 152.202 ; 182.920 ; -   ; -   ; -   ; -   ; -   ; -   ; -   ; -   ; -   ; -   ; -   ; -   ; -   ; -   ; -   ; -   ; -   ; -   ; -   ; -   ; -   ; -   ; -   ; -   
33;NEG;NEIVA - ESPINAL - GIRARDOT;NEIVA; -   ; -   ; -   ; -   ; -   ; 64.054 ; 208.313 ; 175.043 ; 156.165 ; 183.619 ; 171.610 ; 218.517 ; -   ; -   ; -   ; -   ; -   ; -   ; -   ; -   ; -   ; -   ; -   ; -   ; -   ; -   ; -   ; -   ; -   ; -   ; -   ; -   ; -   ; -   ; -   ; -   
34;SMP;SANTA MARTA-RIOHACHA-PARAGUACHÓN;ALTO PINO; 78.230 ; 68.291 ; 77.989 ; 71.805 ; 83.063 ; 77.763 ; 79.065 ; 75.793 ; 74.170 ; 78.084 ; 83.090 ; 96.055 ; 2.743 ; 2.692 ; 2.794 ; 2.773 ; 3.079 ; 2.928 ; 3.048 ; 3.061 ; 3.090 ; 3.073 ; 2.988 ; 3.591 ; 181.820 ; 130.604 ; 154.935 ; 143.557 ; 145.362 ; 149.184 ; 156.102 ; 153.731 ; 140.036 ; 149.186 ; 142.114 ; 164.997 
35;SMP;SANTA MARTA-RIOHACHA-PARAGUACHÓN;EL EBANAL; 76.405 ; 59.804 ; 72.422 ; 59.611 ; 58.418 ; 64.022 ; 72.289 ; 68.281 ; 66.594 ; 71.597 ; 69.316 ; 78.334 ; 2.674 ; 2.279 ; 2.186 ; 2.448 ; 2.095 ; 2.330 ; 2.395 ; 2.283 ; 2.263 ; 2.379 ; 2.336 ; 2.702 ; 87.311 ; 65.127 ; 80.070 ; 71.488 ; 68.998 ; 72.526 ; 80.554 ; 75.638 ; 70.850 ; 73.013 ; 70.929 ; 86.845 
36;SMP;SANTA MARTA-RIOHACHA-PARAGUACHÓN;NEGUANJE; 138.334 ; 80.663 ; 106.330 ; 76.665 ; 83.430 ; 87.445 ; 98.729 ; 94.514 ; 81.026 ; 87.771 ; 87.154 ; 109.153 ; 4.680 ; 3.006 ; 3.031 ; 3.578 ; 2.899 ; 3.197 ; 3.407 ; 3.156 ; 2.817 ; 3.181 ; 3.139 ; 3.857 ; 152.394 ; 87.451 ; 119.406 ; 97.084 ; 92.582 ; 101.627 ; 119.640 ; 115.612 ; 98.122 ; 102.014 ; 103.792 ; 129.463 
37;SMP;SANTA MARTA-RIOHACHA-PARAGUACHÓN;PARAGUACHON; 29.217 ; 29.308 ; 33.678 ; 32.501 ; 35.310 ; 35.470 ; 43.485 ; 51.105 ; 52.437 ; 56.258 ; 56.877 ; 61.276 ; 1.930 ; 1.938 ; 1.829 ; 1.817 ; 1.720 ; 1.752 ; 1.988 ; 2.271 ; 2.297 ; 2.300 ; 2.426 ; 2.884 ; 77.902 ; 63.791 ; 59.363 ; 58.706 ; 53.101 ; 52.875 ; 64.956 ; 64.174 ; 61.102 ; 64.745 ; 65.382 ; 89.188 
38;MVC;MALLA VIAL DEL VALLE DEL CAUCA Y CAUCA;CENCAR; 193.386 ; 187.246 ; 192.522 ; 182.076 ; 191.077 ; 189.967 ; 194.543 ; 196.328 ; 187.201 ; 190.355 ; 189.018 ; 214.907 ; 5.980 ; 6.208 ; 6.166 ; 5.995 ; 6.095 ; 6.370 ; 6.155 ; 6.161 ; 5.830 ; 5.704 ; 6.005 ; 6.586 ; 177.434 ; 163.238 ; 181.611 ; 176.809 ; 184.195 ; 183.256 ; 188.432 ; 193.895 ; 187.396 ; 195.956 ; -   ; -   
39;MVC;MALLA VIAL DEL VALLE DEL CAUCA Y CAUCA;CERRITO; 478.917 ; 371.470 ; 441.557 ; 378.349 ; 412.094 ; 401.170 ; 450.448 ; 450.908 ; 406.256 ; 437.743 ; 432.429 ; 516.584 ; 15.957 ; 13.686 ; 13.626 ; 15.230 ; 13.285 ; 14.443 ; 15.298 ; 14.964 ; 14.092 ; 14.595 ; 14.713 ; 17.402 ; 513.915 ; 393.678 ; 477.566 ; 429.964 ; 425.268 ; 448.723 ; 486.448 ; 474.464 ; 436.729 ; 469.474 ; -   ; -   
40;MVC;MALLA VIAL DEL VALLE DEL CAUCA Y CAUCA;CIAT; 290.790 ; 263.613 ; 284.751 ; 275.667 ; 291.319 ; 287.072 ; 306.187 ; 307.524 ; 292.953 ; 305.690 ; 303.109 ; 350.669 ; 10.253 ; 10.020 ; 9.963 ; 9.843 ; 10.311 ; 10.223 ; 10.369 ; 10.312 ; 10.010 ; 10.048 ; 10.282 ; 11.663 ; 323.527 ; 286.893 ; 313.297 ; 310.079 ; 318.460 ; 311.339 ; 325.536 ; 329.820 ; 314.719 ; 330.766 ; -   ; -   
41;MVC;MALLA VIAL DEL VALLE DEL CAUCA Y CAUCA;ESTAMBUL; 425.420 ; 395.937 ; 425.982 ; 412.043 ; 439.171 ; 444.898 ; 482.301 ; 468.952 ; 444.007 ; 462.926 ; 462.372 ; 524.790 ; 15.189 ; 14.918 ; 15.068 ; 14.949 ; 15.083 ; 15.556 ; 15.791 ; 15.644 ; 14.505 ; 14.172 ; 14.937 ; 16.874 ; 469.229 ; 423.858 ; 472.464 ; 452.376 ; 467.533 ; 460.400 ; 488.886 ; 487.530 ; 462.452 ; 489.194 ; -   ; -   
42;MVC;MALLA VIAL DEL VALLE DEL CAUCA Y CAUCA;MEDIACANOA; 247.748 ; 200.820 ; 236.395 ; 202.887 ; 218.899 ; 198.428 ; 211.955 ; 238.032 ; 211.373 ; 227.279 ; 222.578 ; 232.527 ; 7.613 ; 6.868 ; 6.713 ; 7.137 ; 6.304 ; 7.069 ; 7.470 ; 7.225 ; 6.710 ; 6.959 ; 7.089 ; 7.212 ; 229.284 ; 190.692 ; 222.354 ; 201.573 ; 201.855 ; 208.400 ; 227.783 ; 228.275 ; 203.337 ; 216.892 ; -   ; -   
43;MVC;MALLA VIAL DEL VALLE DEL CAUCA Y CAUCA;PASO DE LA TORRE; 25.437 ; 22.339 ; 24.585 ; 24.152 ; 25.983 ; 26.254 ; 29.884 ; 26.939 ; 26.701 ; 27.635 ; 25.843 ; 30.527 ; 910 ; 876 ; 859 ; 911 ; 845 ; 912 ; 946 ; 885 ; 858 ; 893 ; 926 ; 1.079 ; 28.642 ; 26.527 ; 30.714 ; 30.514 ; 27.657 ; 27.886 ; 29.668 ; 29.391 ; 27.646 ; 29.843 ; -   ; -   
44;MVC;MALLA VIAL DEL VALLE DEL CAUCA Y CAUCA;ROZO; 118.214 ; 95.641 ; 109.865 ; 98.059 ; 108.318 ; 107.063 ; 121.019 ; 114.292 ; 104.970 ; 111.438 ; 110.209 ; 128.032 ; 3.952 ; 3.493 ; 3.566 ; 3.782 ; 3.608 ; 3.803 ; 3.936 ; 3.824 ; 3.580 ; 3.691 ; 3.850 ; 4.327 ; 126.205 ; 100.832 ; 116.331 ; 110.936 ; 109.066 ; 112.361 ; 121.203 ; 118.181 ; 109.342 ; 117.288 ; -   ; -   
45;MVC;MALLA VIAL DEL VALLE DEL CAUCA Y CAUCA;TUNIA; 239.447 ; 183.591 ; 226.546 ; 186.438 ; 201.084 ; 133.276 ; 214.002 ; 225.164 ; 199.745 ; 212.793 ; 214.318 ; 246.716 ; 7.992 ; 6.511 ; 6.465 ; 7.554 ; 6.585 ; 7.120 ; 7.620 ; 7.356 ; 6.826 ; 6.705 ; 6.036 ; 8.281 ; 257.357 ; 185.831 ; 235.556 ; 214.390 ; 208.193 ; 218.417 ; 241.636 ; 229.114 ; 211.439 ; 228.591 ; -   ; -   
46;MVC;MALLA VIAL DEL VALLE DEL CAUCA Y CAUCA;VILLARICA; 330.247 ; 272.409 ; 321.510 ; 277.106 ; 295.280 ; 237.760 ; 318.263 ; 330.214 ; 300.347 ; 316.619 ; 316.328 ; 364.238 ; 11.275 ; 9.744 ; 9.685 ; 10.781 ; 9.893 ; 10.477 ; 10.993 ; 10.784 ; 10.256 ; 10.200 ; 9.201 ; 12.101 ; 362.643 ; 280.022 ; 343.165 ; 317.608 ; 315.641 ; 322.113 ; 351.726 ; 341.067 ; 320.338 ; 342.988 ; -   ; -   
47;AMC;ÁREA METROPOLITANA DE CÚCUTA Y NORTE DE SANTANDER;EL ESCOBAL; 66.963 ; 71.955 ; 71.917 ; 75.100 ; 75.916 ; 71.642 ; 79.769 ; 87.755 ; 93.932 ; 95.902 ; 92.443 ; 101.253 ; 2.857 ; 3.123 ; 3.169 ; 2.996 ; 2.972 ; 3.011 ; 3.115 ; 3.276 ; 3.421 ; 3.399 ; 3.413 ; 3.630 ; 93.452 ; 96.997 ; 108.377 ; 109.868 ; 109.740 ; 106.294 ; 114.685 ; 118.786 ; 116.398 ; 121.039 ; 121.283 ; 137.281 
48;AMC;ÁREA METROPOLITANA DE CÚCUTA Y NORTE DE SANTANDER;LA PARADA; 332.881 ; 343.622 ; 355.894 ; 366.972 ; 374.540 ; 352.280 ; 381.386 ; 418.040 ; 457.070 ; 453.551 ; 431.108 ; 462.565 ; 13.189 ; 14.590 ; 14.790 ; 13.679 ; 13.983 ; 14.010 ; 14.441 ; 15.249 ; 15.601 ; 14.901 ; 15.647 ; 17.109 ; 454.683 ; 454.425 ; 487.234 ; 498.338 ; 511.312 ; 486.228 ; 515.520 ; 534.735 ; 544.885 ; 552.355 ; 541.036 ; 611.385 
49;AMC;ÁREA METROPOLITANA DE CÚCUTA Y NORTE DE SANTANDER;LOS ACACIOS; 190.052 ; 148.877 ; 183.403 ; 151.553 ; 172.970 ; 164.165 ; 174.848 ; 181.082 ; 160.725 ; 177.569 ; 164.662 ; 187.561 ; 6.224 ; 5.383 ; 5.314 ; 6.158 ; 5.559 ; 5.911 ; 5.998 ; 5.935 ; 5.546 ; 5.963 ; 5.898 ; 6.386 ; 207.255 ; 152.652 ; 198.849 ; 173.194 ; 175.876 ; 186.892 ; 203.968 ; 206.199 ; 186.508 ; 187.477 ; 182.471 ; 216.634 
50;BGG;BOGOTÁ (BOSA) - GRANADA - GIRARDOT S.A.;CHINAUTA; 753.404 ; 451.194 ; 608.688 ; 456.602 ; -   ; -   ; -   ; -   ; -   ; -   ; -   ; -   ; -   ; -   ; -   ; -   ; -   ; -   ; -   ; -   ; -   ; -   ; -   ; -   ; -   ; -   ; -   ; -   ; -   ; -   ; -   ; -   ; -   ; -   ; -   ; -   
51;BGG;BOGOTÁ (BOSA) - GRANADA - GIRARDOT S.A.;CHUSACA; 901.913 ; 578.198 ; 758.332 ; 589.225 ; -   ; -   ; -   ; -   ; -   ; -   ; -   ; -   ; -   ; -   ; -   ; -   ; -   ; -   ; -   ; -   ; -   ; -   ; -   ; -   ; -   ; -   ; -   ; -   ; -   ; -   ; -   ; -   ; -   ; -   ; -   ; -   
52;BTS;BRICEÑO - TUNJA - SOGAMOSO;ALBARRACIN; 411.188 ; 280.997 ; 377.069 ; 283.988 ; 339.126 ; 314.921 ; 299.591 ; 350.355 ; 305.016 ; 354.488 ; 337.603 ; 469.466 ; 13.855 ; 10.384 ; 10.548 ; 12.537 ; 10.835 ; 11.813 ; 12.168 ; 11.928 ; 10.289 ; 11.734 ; 11.711 ; 16.692 ; 117.298 ; 84.119 ; 102.185 ; 87.193 ; 91.424 ; 91.598 ; 94.288 ; 91.648 ; 89.153 ; 98.941 ; 98.799 ; 114.978 
53;BTS;BRICEÑO - TUNJA - SOGAMOSO;EL ROBLE; 598.914 ; 428.277 ; 549.605 ; 431.198 ; 500.518 ; 473.836 ; 468.375 ; 508.969 ; 455.449 ; 526.809 ; 506.297 ; 657.040 ; 20.134 ; 15.782 ; 15.930 ; 18.498 ; 16.365 ; 17.618 ; 18.024 ; 17.655 ; 15.716 ; 17.570 ; 17.597 ; 23.190 ; 650.287 ; 455.763 ; 591.471 ; 497.772 ; 514.603 ; 566.983 ; 592.646 ; 582.742 ; 520.042 ; 577.706 ; 573.343 ; 777.778 
54;BTS;BRICEÑO - TUNJA - SOGAMOSO;TUTA; 429.577 ; 327.420 ; 391.400 ; 335.927 ; 370.244 ; 351.435 ; 298.344 ; 385.503 ; 348.838 ; 387.402 ; 372.255 ; 469.794 ; 14.114 ; 11.866 ; 11.936 ; 13.040 ; 12.122 ; 12.801 ; 13.005 ; 12.689 ; 11.921 ; 12.766 ; 12.922 ; 16.215 ; 460.916 ; 342.177 ; 410.338 ; 370.527 ; 385.147 ; 405.375 ; 428.274 ; 422.143 ; 388.911 ; 419.903 ; 417.536 ; 541.955 
55;CS;CÓRDOBA - SUCRE;LA ESPERANZA; -   ; -   ; -   ; 43.156 ; 102.925 ; 102.506 ; 109.456 ; 103.542 ; 96.451 ; 99.274 ; 94.462 ; 111.557 ; 4.033 ; 3.045 ; 3.197 ; 3.758 ; 3.197 ; 3.354 ; 3.415 ; 3.313 ; 3.333 ; 3.380 ; 3.345 ; 3.854 ; 134.234 ; 91.874 ; 112.953 ; 102.991 ; 97.460 ; 92.965 ; 108.550 ; 102.825 ; 95.881 ; 103.128 ; 100.076 ; 120.453 
58;CS;CÓRDOBA - SUCRE;LAS FLORES; 338.197 ; 293.907 ; 322.998 ; 297.445 ; 307.021 ; 303.632 ; 311.663 ; 314.944 ; 310.695 ; 319.818 ; 314.431 ; 361.104 ; 10.769 ; 9.852 ; 9.864 ; 10.049 ; 9.682 ; 9.970 ; 10.071 ; 9.962 ; 10.145 ; 10.090 ; 10.366 ; 11.598 ; 333.117 ; 272.515 ; 310.113 ; 297.108 ; 295.749 ; 287.894 ; 308.496 ; 306.438 ; 299.307 ; 314.521 ; 302.765 ; 349.194 
61;CS;CÓRDOBA - SUCRE;LOS GARZONES 1 Y LOS GARZONES 2; 469.804 ; 401.559 ; 452.539 ; 406.289 ; 434.116 ; 438.555 ; 451.228 ; 446.984 ; 428.369 ; 445.569 ; 437.048 ; 489.650 ; 15.138 ; 13.916 ; 14.092 ; 14.422 ; 13.841 ; 14.317 ; 14.445 ; 14.450 ; 13.944 ; 13.886 ; 14.350 ; 15.393 ; 457.150 ; 382.433 ; 437.121 ; 415.892 ; 423.826 ; 419.963 ; 441.564 ; 440.409 ; 420.007 ; 446.850 ; 430.763 ; 481.567 
64;GIC;GIRARDOT - IBAGUÉ - CAJAMARCA;CHICORAL; 340.038 ; 224.868 ; 290.171 ; 232.048 ; 256.354 ; 255.944 ; 278.906 ; 284.510 ; 248.617 ; 282.117 ; 270.470 ; 340.845 ; 11.003 ; 8.113 ; 8.190 ; 9.719 ; 7.732 ; 9.594 ; 9.797 ; 9.193 ; 8.680 ; 9.511 ; 9.045 ; 11.316 ; 340.259 ; 227.038 ; 286.422 ; 252.995 ; 249.418 ; 282.311 ; 298.503 ; 286.491 ; 258.763 ; 297.913 ; 282.679 ; 348.521 
65;GIC;GIRARDOT - IBAGUÉ - CAJAMARCA;GUALANDAY; 499.054 ; 359.078 ; 444.072 ; 377.511 ; 408.079 ; 404.752 ; 432.111 ; 439.144 ; 398.181 ; 441.263 ; 423.886 ; 515.713 ; 16.373 ; 12.885 ; 12.914 ; 14.614 ; 12.501 ; 14.618 ; 14.660 ; 14.021 ; 13.487 ; 14.369 ; 14.176 ; 17.058 ; 509.402 ; 362.739 ; 442.517 ; 399.829 ; 398.383 ; 433.402 ; 451.034 ; 430.513 ; 395.993 ; 448.546 ; 430.206 ; 515.008 
66;PL;PEREIRA - LA VICTORIA;CERRITOS II; 356.980 ; 285.596 ; 331.024 ; 290.987 ; 310.210 ; 293.582 ; 317.057 ; 338.022 ; 303.469 ; 324.704 ; 320.480 ; 370.572 ; 11.729 ; 10.024 ; 10.003 ; 10.728 ; 9.879 ; 10.564 ; 10.845 ; 10.713 ; 10.059 ; 10.479 ; 10.767 ; 12.279 ; 365.220 ; 270.068 ; 318.382 ; 297.504 ; 296.904 ; 304.340 ; 329.930 ; 328.785 ; 297.487 ; 319.386 ; 314.930 ; 366.352 
67;RPC;RUMICHACA - PASTO - CHACHAGUI;CANO; -   ; -   ; -   ; -   ; -   ; -   ; -   ; -   ; -   ; -   ; -   ; -   ; -   ; -   ; -   ; -   ; -   ; -   ; -   ; -   ; -   ; -   ; -   ; -   ; -   ; -   ; -   ; -   ; -   ; -   ; -   ; -   ; -   ; -   ; -   ; -   
68;RPC;RUMICHACA - PASTO - CHACHAGUI;DAZA; -   ; -   ; -   ; -   ; -   ; -   ; -   ; -   ; -   ; -   ; -   ; -   ; -   ; -   ; -   ; -   ; -   ; -   ; -   ; -   ; -   ; -   ; -   ; -   ; -   ; -   ; -   ; -   ; -   ; -   ; -   ; -   ; -   ; -   ; -   ; -   
69;RPC;RUMICHACA - PASTO - CHACHAGUI;EL PLACER; -   ; -   ; -   ; -   ; -   ; -   ; -   ; -   ; -   ; -   ; -   ; -   ; -   ; -   ; -   ; -   ; -   ; -   ; -   ; -   ; -   ; -   ; -   ; -   ; -   ; -   ; -   ; -   ; -   ; -   ; -   ; -   ; -   ; -   ; -   ; -   
70;RC;RUTA CARIBE;BAYUNCA; 116.947 ; 109.844 ; 119.595 ; 112.577 ; 111.040 ; 112.857 ; 115.163 ; 118.406 ; 114.666 ; 116.168 ; 114.654 ; 128.365 ; 3.872 ; 4.008 ; 3.914 ; 3.838 ; 3.760 ; 3.886 ; 3.735 ; 3.863 ; 3.825 ; 3.682 ; 3.663 ; 3.855 ; 114.486 ; 104.573 ; 114.730 ; 113.303 ; 110.741 ; 109.256 ; 112.698 ; 110.426 ; 104.440 ; 112.553 ; 107.473 ; 119.082 
71;RC;RUTA CARIBE;GALAPA; 229.113 ; 210.508 ; 229.872 ; 215.015 ; 219.500 ; 213.009 ; 223.793 ; 221.567 ; 213.679 ; 222.279 ; 218.493 ; 243.956 ; 7.161 ; 7.320 ; 7.491 ; 7.211 ; 7.102 ; 7.253 ; 7.471 ; 7.548 ; 7.374 ; 7.295 ; 7.563 ; 7.888 ; 228.982 ; 203.910 ; 238.032 ; 224.850 ; 224.452 ; 218.380 ; 228.815 ; 233.013 ; 222.630 ; 228.351 ; 223.998 ; 242.437 
72;RC;RUTA CARIBE;GAMBOTE; 208.300 ; 158.315 ; 186.899 ; 156.479 ; 160.005 ; 158.750 ; 163.172 ; 170.170 ; 157.297 ; 165.673 ; 159.844 ; 191.344 ; 6.433 ; 5.180 ; 5.225 ; 5.970 ; 5.177 ; 5.581 ; 5.530 ; 5.324 ; 5.230 ; 5.362 ; 5.413 ; 6.337 ; 205.424 ; 149.429 ; 181.586 ; 168.728 ; 161.927 ; 164.692 ; 173.637 ; 171.901 ; 159.108 ; 172.247 ; 161.680 ; 197.562 
73;RC;RUTA CARIBE;PASACABALLOS; -   ; -   ; -   ; -   ; -   ; -   ; -   ; -   ; -   ; -   ; -   ; -   ; -   ; -   ; 2.937 ; 3.084 ; 2.764 ; 2.974 ; 2.928 ; 2.829 ; 2.787 ; 2.802 ; 2.825 ; 3.135 ; 101.880 ; 76.785 ; 90.347 ; 84.457 ; 80.123 ; 81.435 ; 86.212 ; 88.206 ; 81.762 ; 87.890 ; 84.942 ; 96.527 
74;RC;RUTA CARIBE;PONEDERA; -   ; -   ; -   ; -   ; -   ; -   ; -   ; -   ; -   ; -   ; -   ; -   ; -   ; -   ; -   ; -   ; -   ; -   ; -   ; -   ; -   ; -   ; -   ; -   ; -   ; -   ; -   ; -   ; -   ; -   ; -   ; -   ; -   ; -   ; -   ; -   
75;RC;RUTA CARIBE;SABANAGRANDE; 306.516 ; 272.304 ; 300.536 ; 286.384 ; 297.518 ; 294.415 ; 304.546 ; 311.820 ; 302.202 ; 314.346 ; 307.853 ; 350.405 ; 10.422 ; 10.545 ; 10.320 ; 10.465 ; 10.091 ; 10.274 ; 10.278 ; 10.262 ; 10.174 ; 10.190 ; 10.346 ; 11.114 ; 321.140 ; 286.541 ; 321.151 ; 301.752 ; 307.127 ; 294.885 ; 308.236 ; 309.329 ; 299.989 ; 315.034 ; 309.205 ; 338.107 
76;RC;RUTA CARIBE;TURBACO; 481.638 ; 440.258 ; 480.517 ; 455.233 ; 474.672 ; 457.723 ; 482.933 ; 481.812 ; 468.534 ; 471.112 ; 442.580 ; 516.538 ; 16.163 ; 15.956 ; 16.720 ; 16.750 ; 16.580 ; 16.781 ; 17.027 ; 17.041 ; 16.579 ; 16.872 ; 16.155 ; 18.138 ; 540.918 ; 478.475 ; 542.173 ; 521.376 ; 525.838 ; 506.831 ; 540.190 ; 543.660 ; 524.894 ; 538.207 ; 503.249 ; 578.335 
77;RDS1;RUTA DEL SOL 1;EL KORAN; 185.748 ; 103.027 ; 135.538 ; 99.077 ; 108.304 ; 112.837 ; 117.715 ; 121.292 ; 105.371 ; 125.948 ; 123.419 ; 168.667 ; 5.832 ; 3.516 ; 3.608 ; 4.493 ; 4.087 ; 4.391 ; 4.192 ; 4.263 ; 3.856 ; 4.456 ; 4.370 ; 5.953 ; 191.762 ; 103.556 ; 134.299 ; 119.646 ; 113.442 ; 126.014 ; 131.813 ; 127.193 ; 111.517 ; 129.817 ; 128.384 ; 190.185 
78;RDS2;RUTA DEL SOL SECTOR 2;AGUAS NEGRAS; 197.229 ; 120.500 ; 147.347 ; 124.425 ; 125.077 ; 134.885 ; 131.106 ; 137.888 ; 128.349 ; 142.278 ; 135.228 ; 178.389 ; 6.382 ; 4.253 ; 4.097 ; 4.823 ; 4.007 ; 4.563 ; 4.389 ; 4.301 ; 4.284 ; 4.692 ; -   ; -   ; 449.606 ; 295.750 ; 394.704 ; 327.786 ; 336.838 ; 383.911 ; 401.444 ; 395.070 ; 342.492 ; 389.079 ; 384.287 ; 564.309 
79;RDS2;RUTA DEL SOL SECTOR 2;GAMARRA; -   ; -   ; -   ; 15.697.200 ; 27.052.700 ; 18.442.400 ; 16.223.200 ; 57.026.900 ; 104.667.700 ; 40.580.900 ; 61.982.200 ; 34.759.400 ; 1.402 ; 1.415 ; 1.289 ; 1.314 ; 1.255 ; 1.202 ; 1.270 ; 1.249 ; 1.245 ; 1.278 ; -   ; -   ; -   ; -   ; -   ; -   ; -   ; -   ; -   ; -   ; -   ; -   ; -   ; -   
80;RDS2;RUTA DEL SOL SECTOR 2;LA GOMEZ; 161.196 ; 100.913 ; 115.893 ; 100.227 ; 93.041 ; 103.249 ; 100.873 ; 101.799 ; 96.511 ; 104.881 ; 102.179 ; 131.745 ; 4.895 ; 3.150 ; 3.047 ; 3.602 ; 2.963 ; 3.283 ; 3.181 ; 3.164 ; 3.119 ; 3.483 ; -   ; -   ; -   ; -   ; -   ; -   ; -   ; -   ; -   ; -   ; -   ; -   ; -   ; -   
81;RDS2;RUTA DEL SOL SECTOR 2;MORRISON; 272.137 ; 179.564 ; 207.652 ; 183.641 ; 179.257 ; 186.452 ; 178.316 ; 191.195 ; 179.391 ; 192.399 ; 188.696 ; 233.909 ; 8.510 ; 5.971 ; 5.851 ; 6.685 ; 5.803 ; 6.309 ; 6.085 ; 5.991 ; 6.068 ; 6.544 ; -   ; -   ; -   ; -   ; -   ; -   ; -   ; -   ; -   ; -   ; -   ; -   ; -   ; -   
82;RDS2;RUTA DEL SOL SECTOR 2;PAILITAS; 251.656 ; 155.982 ; 188.816 ; 163.333 ; 161.484 ; 167.053 ; 159.179 ; 173.029 ; 163.306 ; 176.583 ; 172.427 ; 214.955 ; 7.982 ; 5.304 ; 5.126 ; 6.033 ; 5.092 ; 5.661 ; 5.452 ; 5.325 ; 5.331 ; 5.836 ; -   ; -   ; -   ; -   ; -   ; -   ; -   ; -   ; -   ; -   ; -   ; -   ; -   ; -   
83;RDS2;RUTA DEL SOL SECTOR 2;PLATANAL; 78.224 ; 58.097 ; 67.922 ; 66.343 ; 64.141 ; 64.349 ; 60.989 ; 67.511 ; 61.066 ; 67.328 ; 65.985 ; 73.677 ; 2.417 ; 1.984 ; 1.902 ; 2.130 ; 1.947 ; 2.064 ; 2.051 ; 2.089 ; 2.119 ; 2.089 ; -   ; -   ; -   ; -   ; -   ; -   ; -   ; -   ; -   ; -   ; -   ; -   ; -   ; -   
84;RDS2;RUTA DEL SOL SECTOR 2;ZAMBITO; 169.766 ; 105.671 ; 125.325 ; 108.724 ; 108.422 ; 116.855 ; 115.016 ; 120.791 ; 117.151 ; 128.699 ; 118.375 ; 151.874 ; 5.610 ; 3.585 ; 3.442 ; 4.038 ; 3.352 ; 3.804 ; 3.654 ; 3.601 ; 3.615 ; 3.940 ; -   ; -   ; -   ; -   ; -   ; -   ; -   ; -   ; -   ; -   ; -   ; -   ; -   ; -   
85;RDS3;RUTA DEL SOL SECTOR 3;EL COPEY; 211.825 ; 131.599 ; 161.149 ; 136.975 ; 140.858 ; 146.092 ; 146.860 ; 154.534 ; 144.892 ; 157.618 ; 156.959 ; 190.743 ; 7.252 ; 5.118 ; 5.108 ; 5.466 ; 4.949 ; 5.316 ; 4.932 ; 4.784 ; 4.717 ; 5.047 ; 4.953 ; 6.006 ; 219.416 ; 132.320 ; 163.364 ; 160.105 ; 154.196 ; 163.544 ; 167.693 ; 154.902 ; 145.767 ; 162.046 ; 154.900 ; 191.343 
86;RDS3;RUTA DEL SOL SECTOR 3;EL DIFICIL; 87.705 ; 67.980 ; 75.815 ; 70.197 ; 65.206 ; 68.259 ; 69.755 ; 80.034 ; 79.591 ; 87.757 ; 90.128 ; 97.550 ; 3.531 ; 3.291 ; 3.158 ; 2.522 ; 2.482 ; 2.644 ; 2.275 ; 2.146 ; 2.172 ; 2.218 ; 2.317 ; 2.628 ; 86.695 ; 61.526 ; 74.541 ; 70.055 ; 67.876 ; 74.031 ; 74.735 ; 71.890 ; 68.799 ; 73.543 ; 71.922 ; 85.123 
87;RDS3;RUTA DEL SOL SECTOR 3;LA LOMA; 211.722 ; 132.343 ; 155.130 ; 133.243 ; 129.142 ; 137.178 ; 130.107 ; 143.952 ; 135.997 ; 150.764 ; 146.362 ; 175.567 ; 6.744 ; 4.622 ; 4.706 ; 5.346 ; 4.792 ; 5.191 ; 4.708 ; 4.535 ; 4.587 ; 4.850 ; 4.763 ; 5.797 ; 215.439 ; 131.095 ; 161.002 ; 151.813 ; 150.669 ; 164.078 ; 164.480 ; 154.629 ; 147.618 ; 160.476 ; 153.004 ; 190.995 
88;RDS3;RUTA DEL SOL SECTOR 3;PUENTE PLATO; 82.395 ; 62.384 ; 69.979 ; 62.315 ; 57.209 ; 59.130 ; 58.659 ; 60.767 ; 58.477 ; 62.172 ; 63.233 ; 73.248 ; 2.531 ; 1.957 ; 1.952 ; 2.287 ; 1.951 ; 2.100 ; 2.050 ; 1.963 ; 1.964 ; 2.020 ; 2.072 ; 2.378 ; 80.253 ; 55.564 ; 69.226 ; 64.450 ; 62.389 ; 68.446 ; 67.911 ; 65.794 ; 63.330 ; 67.286 ; 64.718 ; 77.509 
89;RDS3;RUTA DEL SOL SECTOR 3;TUCURINCA; 234.135 ; 151.783 ; 183.028 ; 158.484 ; 163.421 ; 167.776 ; 169.309 ; 172.250 ; 162.009 ; 174.783 ; 169.189 ; 205.548 ; 7.574 ; 5.492 ; 5.448 ; 6.206 ; 5.440 ; 5.828 ; 5.677 ; 5.558 ; 5.495 ; 5.832 ; 5.695 ; 6.865 ; 245.396 ; 155.709 ; 189.006 ; 184.845 ; 179.888 ; 188.059 ; 193.380 ; 179.758 ; 169.771 ; 186.504 ; 179.904 ; 218.307 
90;RDS3;RUTA DEL SOL SECTOR 3;VALENCIA; 112.179 ; 88.418 ; 100.468 ; 94.017 ; 96.844 ; 94.989 ; 102.373 ; 98.478 ; 92.839 ; 99.347 ; 97.008 ; 115.633 ; 3.621 ; 3.124 ; 3.069 ; 3.593 ; 3.211 ; 3.264 ; 3.230 ; 3.137 ; 3.042 ; 3.174 ; 3.205 ; 3.784 ; 114.506 ; 86.696 ; 102.437 ; 105.465 ; 99.249 ; 100.226 ; 105.625 ; 100.389 ; 94.410 ; 102.661 ; 101.740 ; 120.647 
91;TVA;TRANSVERSAL DE LAS AMÉRICAS;CEDROS; 75.446 ; 61.695 ; 72.841 ; 61.000 ; 64.686 ; 66.588 ; 68.352 ; 66.105 ; 64.850 ; 68.420 ; 66.984 ; 73.872 ; 2.374 ; 2.023 ; 2.058 ; 2.228 ; 1.875 ; 2.056 ; 2.017 ; 1.992 ; -   ; -   ; -   ; -   ; -   ; -   ; -   ; -   ; -   ; -   ; -   ; -   ; -   ; -   ; -   ; -   
92;TVA;TRANSVERSAL DE LAS AMÉRICAS;PURGATORIO; 123.889 ; 89.737 ; 105.636 ; 85.919 ; 92.443 ; 96.542 ; 94.673 ; 95.120 ; 89.786 ; 97.696 ; 94.204 ; 110.439 ; 3.807 ; 2.980 ; 2.993 ; 3.386 ; 2.960 ; 3.230 ; 3.153 ; 3.061 ; -   ; -   ; -   ; -   ; -   ; -   ; -   ; -   ; -   ; -   ; -   ; -   ; -   ; -   ; -   ; -   
93;ZMB;ZONA METROPOLITANA DE BUCARAMANGA;LEBRIJA; 248.170 ; 223.071 ; 238.804 ; 135.135 ; -   ; -   ; -   ; -   ; -   ; -   ; -   ; -   ; -   ; -   ; -   ; -   ; -   ; -   ; -   ; -   ; -   ; -   ; -   ; -   ; -   ; -   ; -   ; -   ; -   ; -   ; -   ; -   ; -   ; -   ; -   ; -   
94;ZMB;ZONA METROPOLITANA DE BUCARAMANGA;RIONEGRO; 171.327 ; 121.789 ; 139.172 ; 72.496 ; -   ; -   ; -   ; -   ; -   ; -   ; -   ; -   ; -   ; -   ; -   ; -   ; -   ; -   ; -   ; -   ; -   ; -   ; -   ; -   ; -   ; -   ; -   ; -   ; -   ; -   ; -   ; -   ; -   ; -   ; -   ; -   
95;M2;AUTOPISTA AL MAR 2;CIRILO; -   ; -   ; -   ; -   ; -   ; -   ; -   ; -   ; -   ; -   ; -   ; -   ; -   ; -   ; -   ; -   ; -   ; -   ; -   ; -   ; -   ; -   ; -   ; -   ; -   ; -   ; -   ; -   ; -   ; -   ; -   ; -   ; -   ; 54.938 ; 49.415 ; 60.411 
96;P1;AUTOPISTA CONEXIÓN PACIFICO 1;AMAGA; 226.676 ; 188.467 ; 226.552 ; 196.195 ; 219.106 ; 210.008 ; 217.154 ; 231.049 ; 199.433 ; 217.315 ; 201.518 ; 238.203 ; 7.538 ; 6.638 ; 6.574 ; 7.155 ; 6.744 ; 7.277 ; 7.347 ; 7.010 ; 6.116 ; 6.985 ; 7.346 ; 8.424 ; 2.100.717.800 ; 1.663.976.350 ; 2.030.450.300 ; 1.821.062.100 ; 1.226.332.200 ; 1.530.527.600 ; 1.773.198.150 ; 1.899.270.950 ; 1.758.902.300 ; 1.852.465.800 ; 1.866.120.750 ; 2.185.983.800 
97;P2;AUTOPISTA CONEXIÓN PACIFICO 2;LA PINTADA; 29.014 ; 22.854 ; 35.457 ; 32.762 ; 31.673 ; 37.547 ; 41.692 ; 61.968 ; 49.057 ; 49.555 ; 29.848 ; 30.365 ; 1.284 ; 1.861 ; 1.172 ; 1.201 ; 1.047 ; 1.208 ; 1.084 ; 1.081 ; 1.054 ; 1.087 ; 1.045 ; 1.196 ; 39.843 ; 29.903 ; 36.662 ; 34.652 ; 52.407 ; 44.221 ; 42.558 ; 47.553 ; 55.171 ; 37.926 ; 39.985 ; 42.729 
98;P2;AUTOPISTA CONEXIÓN PACIFICO 2;PRIMAVERA; 209.178 ; 136.130 ; 170.204 ; 121.431 ; 150.072 ; 137.829 ; 145.076 ; 141.061 ; 119.460 ; 146.553 ; 158.726 ; 196.501 ; 6.743 ; 5.013 ; 4.962 ; 5.816 ; 4.962 ; 5.808 ; 5.716 ; 5.647 ; 5.180 ; 5.625 ; 5.555 ; 6.758 ; 208.437 ; 138.205 ; 177.809 ; 159.993 ; 167.315 ; 177.063 ; 189.962 ; 183.690 ; 154.854 ; 175.992 ; 169.323 ; 206.170 
99;P3;AUTOPISTA CONEXIÓN PACIFICO 3;ACAPULCO; 97.515 ; 76.217 ; 86.264 ; 75.724 ; 83.620 ; 83.344 ; 90.354 ; 86.790 ; 82.716 ; 88.979 ; 90.183 ; 103.942 ; 3.343 ; 2.839 ; 2.868 ; 3.006 ; 2.913 ; 2.904 ; 2.921 ; 2.768 ; 2.589 ; 2.560 ; 2.999 ; 3.473 ; 139.093 ; 136.699 ; 129.099 ; 109.589 ; 120.429 ; 112.631 ; 121.432 ; 119.666 ; 106.213 ; 115.864 ; 115.550 ; 129.337 
100;P3;AUTOPISTA CONEXIÓN PACIFICO 3;SUPIA; 181.113 ; 120.263 ; 166.732 ; 116.819 ; 135.567 ; 131.002 ; 139.575 ; 156.531 ; 127.075 ; 144.717 ; 137.236 ; 168.118 ; 5.906 ; 4.192 ; 4.165 ; 4.908 ; 3.984 ; 4.879 ; 4.763 ; 4.735 ; 4.280 ; 4.598 ; 4.527 ; 5.616 ; 176.360 ; 108.525 ; 141.348 ; 130.131 ; 120.885 ; 135.376 ; 147.951 ; 145.196 ; 124.476 ; 142.380 ; 133.701 ; 164.911 
101;RM;AUTOPISTAS AL RÍO MAGDALENA 2;PUERTO BERRIO; 54.698 ; 37.056 ; 46.528 ; 38.652 ; 42.022 ; 45.195 ; 45.056 ; 44.723 ; 40.546 ; 46.189 ; 44.390 ; 55.099 ; 1.958 ; 1.385 ; 1.371 ; 1.549 ; 1.349 ; 1.473 ; 1.452 ; 1.386 ; 1.391 ; 1.483 ; 1.486 ; 1.873 ; 60.148 ; 40.511 ; 48.889 ; 46.666 ; 46.222 ; 53.995 ; 50.340 ; 48.233 ; 46.965 ; 51.494 ; 48.311 ; 60.096 
102;BBY;BUCARAMANGA - BARRANCABERMEJA - YONDÓ;RIO SOGAMOSO; 165.769 ; 137.965 ; 152.381 ; 139.862 ; 144.753 ; 148.031 ; 155.475 ; 152.476 ; 145.218 ; 149.761 ; 145.671 ; 171.852 ; 5.366 ; 4.744 ; 4.582 ; 4.821 ; 4.489 ; 4.823 ; 4.851 ; 4.749 ; 4.685 ; 4.954 ; 4.995 ; 3.313 ; 112.962 ; 114.889 ; 137.239 ; 132.045 ; 131.497 ; 138.800 ; 142.366 ; 141.883 ; 130.827 ; 138.482 ; 137.159 ; 163.816 
103;BP;BUCARAMANGA - PAMPLONA;EL PICACHO; -   ; -   ; -   ; -   ; -   ; -   ; 63.458 ; 67.890 ; 62.212 ; 67.676 ; 65.586 ; 78.025 ; 2.546 ; 2.136 ; 2.061 ; 2.327 ; 2.137 ; 2.235 ; 2.260 ; 2.239 ; 2.185 ; 2.372 ; 2.351 ; 2.711 ; 82.269 ; 59.850 ; 71.445 ; 69.528 ; 51.792 ; 68.859 ; 73.328 ; 71.906 ; 66.187 ; 71.078 ; 67.532 ; 87.229 
104;BL;BUGA - LOBOGUERRERO;LOBOGUERRERO; -   ; -   ; -   ; -   ; -   ; -   ; -   ; -   ; -   ; 114.614 ; 159.694 ; 162.914 ; -   ; -   ; -   ; -   ; -   ; -   ; -   ; -   ; -   ; -   ; -   ; -   ; -   ; -   ; -   ; -   ; -   ; -   ; -   ; -   ; -   ; -   ; -   ; -   
105;CB2;CARTAGENA - BARRANQUILLA CIRCUNVALAR DE LA PROSPERIDAD;GALAPA; -   ; -   ; -   ; -   ; -   ; -   ; -   ; -   ; -   ; -   ; -   ; -   ; -   ; -   ; -   ; -   ; -   ; -   ; -   ; -   ; -   ; -   ; -   ; -   ; -   ; -   ; -   ; -   ; -   ; -   ; -   ; -   ; -   ; -   ; -   ; 7.029 
106;CB2;CARTAGENA - BARRANQUILLA CIRCUNVALAR DE LA PROSPERIDAD;JUAN MINA; -   ; -   ; -   ; -   ; -   ; -   ; -   ; -   ; -   ; -   ; -   ; -   ; -   ; -   ; -   ; -   ; -   ; -   ; -   ; -   ; -   ; -   ; -   ; -   ; -   ; -   ; -   ; -   ; -   ; -   ; -   ; -   ; -   ; -   ; -   ; -   
107;M1;CONCESIÓN AUTOPISTA AL MAR 1;PALMITAS; -   ; -   ; -   ; -   ; -   ; -   ; 113.653 ; 102.756 ; 94.356 ; 114.494 ; 103.254 ; 111.372 ; 4.675 ; 3.267 ; 3.219 ; 3.621 ; 3.354 ; 3.641 ; 3.880 ; 3.413 ; 3.243 ; 3.661 ; 3.692 ; 4.326 ; 122.738 ; 91.246 ; 114.366 ; 102.598 ; 110.179 ; 132.218 ; 128.548 ; 108.994 ; 105.747 ; 114.501 ; 111.665 ; 137.566 
108;M1;CONCESIÓN AUTOPISTA AL MAR 1;SAN CRISTOBAL; -   ; -   ; -   ; -   ; -   ; -   ; 111.671 ; 102.953 ; 95.336 ; 113.155 ; 103.944 ; 136.925 ; 4.202 ; 3.275 ; 3.242 ; 3.873 ; 3.101 ; 3.756 ; 3.795 ; 3.441 ; 3.336 ; 3.527 ; 3.680 ; 4.825 ; 115.449 ; 92.218 ; 123.030 ; 95.059 ; 100.790 ; 140.738 ; 116.300 ; 109.774 ; 102.910 ; 114.361 ; 111.805 ; 153.358 
109;GHP;GIRARDOT - HONDA - PUERTO SALGAR;BRISAS; -   ; -   ; -   ; -   ; -   ; -   ; -   ; -   ; -   ; -   ; -   ; -   ; -   ; -   ; -   ; -   ; -   ; -   ; -   ; -   ; -   ; -   ; -   ; -   ; -   ; -   ; -   ; -   ; -   ; -   ; -   ; -   ; -   ; -   ; -   ; -   
110;GHP;GIRARDOT - HONDA - PUERTO SALGAR;CAMBAO; -   ; -   ; -   ; -   ; -   ; -   ; -   ; -   ; -   ; -   ; -   ; -   ; -   ; -   ; -   ; -   ; -   ; -   ; -   ; -   ; -   ; -   ; -   ; -   ; 3.637 ; 8.251 ; 8.460 ; 6.788 ; 6.573 ; 8.637 ; 9.907 ; 11.241 ; 10.839 ; 13.427 ; 13.785 ; 22.697 
111;GHP;GIRARDOT - HONDA - PUERTO SALGAR;GUATAQUI; -   ; -   ; -   ; -   ; -   ; -   ; -   ; -   ; -   ; -   ; -   ; -   ; -   ; -   ; -   ; -   ; -   ; -   ; -   ; -   ; -   ; -   ; -   ; -   ; -   ; -   ; -   ; -   ; -   ; -   ; -   ; -   ; -   ; -   ; -   ; -   
112;IP-AN;IP - ACCESOS NORTE;ANDES; -   ; -   ; -   ; -   ; -   ; -   ; -   ; -   ; -   ; -   ; -   ; -   ; -   ; -   ; -   ; -   ; -   ; -   ; -   ; -   ; -   ; -   ; -   ; 40.242 ; 1.088.479 ; 1.013.585 ; 1.141.929 ; 1.075.302 ; 1.141.293 ; 1.117.738 ; 1.113.533 ; 1.170.456 ; 1.109.877 ; 1.131.615 ; 1.097.962 ; 1.245.613 
113;IP-AN;IP - ACCESOS NORTE;FUSCA; -   ; -   ; -   ; -   ; -   ; -   ; -   ; -   ; -   ; -   ; -   ; -   ; -   ; -   ; -   ; -   ; -   ; -   ; -   ; -   ; -   ; -   ; -   ; 3.416 ; 83.214 ; 95.321 ; 104.468 ; 92.256 ; 101.181 ; 98.963 ; 92.087 ; 122.218 ; 123.667 ; 114.977 ; 116.932 ; 125.032 
114;IP-AN;IP - ACCESOS NORTE;UNISABANA; -   ; -   ; -   ; -   ; -   ; -   ; -   ; -   ; -   ; -   ; -   ; -   ; -   ; -   ; -   ; -   ; -   ; -   ; -   ; -   ; -   ; -   ; -   ; 234 ; 6.712 ; 6.497 ; 6.258 ; 6.220 ; 5.627 ; 5.477 ; 5.819 ; 4.441 ; 4.037 ; 4.690 ; 5.073 ; 4.812 
115;IP-AB;IP - ANTIOQUIA BOLIVAR;CAIMANERA; -   ; -   ; -   ; -   ; -   ; -   ; 3.547 ; 49.557 ; 42.476 ; 50.342 ; 51.221 ; 66.137 ; 3.032 ; 1.578 ; 1.590 ; 2.405 ; 1.414 ; 1.749 ; 1.718 ; 1.602 ; 1.388 ; 1.552 ; 1.578 ; 2.008 ; 89.593 ; 40.293 ; 61.388 ; 43.498 ; 42.288 ; 55.883 ; 54.090 ; 46.704 ; 39.637 ; 46.811 ; 44.025 ; 60.317 
116;IP-AB;IP - ANTIOQUIA BOLIVAR;CEDROS; -   ; -   ; -   ; -   ; -   ; -   ; -   ; -   ; -   ; -   ; -   ; -   ; -   ; -   ; -   ; -   ; -   ; -   ; -   ; 1.778 ; 1.756 ; 1.750 ; 1.770 ; 2.042 ; 61.109 ; 47.349 ; 58.944 ; 51.514 ; 58.799 ; 67.981 ; 59.113 ; 55.198 ; 54.243 ; 57.076 ; 53.727 ; 64.190 
117;IP-AB;IP - ANTIOQUIA BOLIVAR;LA APARTADA; 167.764 ; 107.243 ; 129.057 ; 103.840 ; 110.086 ; 106.122 ; 97.907 ; 113.156 ; 98.690 ; 106.531 ; 102.194 ; 125.142 ; 4.562 ; 3.092 ; 3.010 ; 3.597 ; 2.823 ; 3.210 ; 3.102 ; 3.262 ; 3.003 ; 3.154 ; 3.037 ; 4.051 ; 154.890 ; 91.808 ; 116.155 ; 104.712 ; 78.775 ; 59.339 ; 102.404 ; 106.610 ; 93.183 ; 105.480 ; 102.281 ; 135.689 
118;IP-AB;IP - ANTIOQUIA BOLIVAR;MANGUITOS; -   ; -   ; -   ; -   ; -   ; 28.198 ; 116.586 ; 138.851 ; 125.569 ; 134.411 ; 127.987 ; 157.311 ; 5.546 ; 4.090 ; 4.070 ; 4.614 ; 3.989 ; 4.348 ; 4.193 ; 4.084 ; 4.050 ; 4.124 ; 4.175 ; 5.053 ; 175.756 ; 110.916 ; 132.792 ; 122.133 ; 99.084 ; 80.263 ; 121.014 ; 124.377 ; 109.983 ; 124.871 ; 119.806 ; 150.954 
119;IP-AB;IP - ANTIOQUIA BOLIVAR;MATA DE CAÑA; 135.359 ; 79.026 ; 105.414 ; 73.636 ; 83.863 ; 82.108 ; 85.713 ; 73.147 ; 64.695 ; 73.969 ; 70.050 ; 88.102 ; 3.605 ; 2.014 ; 2.112 ; 2.905 ; 2.042 ; 2.486 ; 2.513 ; 2.376 ; 2.123 ; 2.257 ; 2.279 ; 2.791 ; 109.344 ; 54.227 ; 79.789 ; 61.920 ; 62.764 ; 78.611 ; 81.659 ; 73.893 ; 66.819 ; 76.946 ; 69.842 ; 90.098 
120;IP-AB;IP - ANTIOQUIA BOLIVAR;PURGATORIO; -   ; -   ; -   ; -   ; -   ; -   ; -   ; -   ; -   ; -   ; -   ; -   ; -   ; -   ; -   ; -   ; -   ; -   ; -   ; 2.891 ; 2.830 ; 2.925 ; 3.021 ; 3.504 ; 117.549 ; 79.774 ; 96.913 ; 86.736 ; 82.801 ; 81.844 ; 91.719 ; 92.291 ; 85.496 ; 93.664 ; 90.131 ; 108.378 
121;IP-AB;IP - ANTIOQUIA BOLIVAR;SAN CARLOS; -   ; -   ; -   ; -   ; -   ; -   ; -   ; -   ; -   ; -   ; -   ; -   ; -   ; -   ; -   ; -   ; -   ; -   ; -   ; -   ; -   ; -   ; -   ; -   ; -   ; -   ; -   ; -   ; -   ; -   ; -   ; -   ; -   ; -   ; -   ; -   
122;IP-AB;IP - ANTIOQUIA BOLIVAR;SAN ONOFRE; 81.662 ; 57.323 ; 74.191 ; 54.475 ; 60.597 ; 59.654 ; 61.792 ; 61.326 ; 55.921 ; 56.442 ; 54.804 ; 66.585 ; 2.366 ; 1.791 ; 1.818 ; 2.267 ; 1.782 ; 2.005 ; 1.896 ; 1.808 ; 1.788 ; 1.760 ; 1.808 ; 2.194 ; 75.748 ; 51.664 ; 63.951 ; 60.540 ; 56.138 ; 58.363 ; 62.393 ; 58.692 ; 53.250 ; 57.009 ; 55.632 ; 71.468 
123;IP-CM;IP - CAMBAO-MANIZALES;ALVARADO; 181.869 ; 132.747 ; 154.115 ; 142.040 ; 147.430 ; 149.079 ; 154.976 ; 156.819 ; 144.321 ; 155.354 ; 149.700 ; 174.197 ; 5.949 ; 4.711 ; 4.715 ; 5.086 ; 4.815 ; 5.099 ; 5.136 ; 5.092 ; 4.789 ; 4.935 ; 4.987 ; 5.621 ; 248.671 ; 187.535 ; 231.634 ; 204.391 ; 136.455 ; 172.753 ; 201.723 ; 214.975 ; 199.674 ; 209.782 ; 213.607 ; 256.115 
124;IP-CM;IP - CAMBAO-MANIZALES;HONDA; 170.599 ; 110.976 ; 141.250 ; 114.929 ; 124.956 ; 128.373 ; 132.815 ; 136.506 ; 120.465 ; 136.745 ; 130.147 ; 163.719 ; 5.939 ; 4.079 ; 4.013 ; 4.674 ; 3.886 ; 4.428 ; 4.466 ; 4.326 ; 3.987 ; 4.364 ; 4.327 ; 5.337 ; 182.806 ; 117.580 ; 143.443 ; 125.395 ; 124.952 ; 136.189 ; 142.909 ; 134.709 ; 119.229 ; 134.459 ; 124.465 ; 152.496 
125;IP-CG;IP - CESAR - GUAJIRA;RINCON HONDO; -   ; -   ; -   ; -   ; 36.945 ; 48.376 ; 47.773 ; 50.120 ; 47.236 ; 49.677 ; 48.150 ; 63.978 ; 1.954 ; 1.650 ; 1.676 ; 1.961 ; 1.610 ; 1.669 ; 1.681 ; 1.583 ; 1.555 ; 1.582 ; 1.590 ; 1.985 ; 61.769 ; 24.706 ; -   ; -   ; -   ; -   ; -   ; -   ; -   ; -   ; -   ; -   
126;IP-CG;IP - CESAR - GUAJIRA;RIO SECO; -   ; -   ; -   ; -   ; -   ; -   ; -   ; -   ; 19.886 ; 65.878 ; 63.965 ; 80.973 ; 2.383 ; 1.910 ; -   ; -   ; -   ; -   ; -   ; -   ; -   ; -   ; -   ; -   ; -   ; -   ; -   ; -   ; -   ; -   ; -   ; -   ; -   ; -   ; -   ; -   
127;IP-CG;IP - CESAR - GUAJIRA;SAN DIEGO; -   ; -   ; -   ; -   ; 31.802 ; 117.870 ; 121.786 ; 122.692 ; 115.241 ; 118.965 ; 115.915 ; 142.983 ; 4.124 ; 3.879 ; 3.863 ; 3.909 ; 3.821 ; 3.993 ; 4.040 ; 4.031 ; 3.933 ; 3.973 ; 4.044 ; 4.697 ; 133.587 ; 66.367 ; -   ; -   ; -   ; -   ; -   ; -   ; -   ; -   ; -   ; -   
128;IP-CG;IP - CESAR - GUAJIRA;SAN JUAN; 147.102 ; 126.869 ; 142.780 ; 135.545 ; 137.221 ; 132.636 ; 142.226 ; 137.910 ; 133.742 ; 140.636 ; 139.151 ; 157.732 ; 4.823 ; 4.628 ; 4.785 ; 4.880 ; 4.866 ; 5.091 ; 5.242 ; 5.175 ; 5.296 ; 5.348 ; 5.412 ; 5.986 ; 175.205 ; 93.411 ; -   ; -   ; -   ; -   ; -   ; -   ; -   ; -   ; -   ; -   
129;IP-MVM;IP - MALLA VIAL DEL META;CASETABLA; -   ; -   ; -   ; 21.976 ; 49.665 ; 49.647 ; 46.622 ; 50.142 ; 48.386 ; 49.909 ; 45.965 ; 48.549 ; 1.636 ; 1.424 ; 1.535 ; 1.476 ; 1.465 ; 1.439 ; 1.475 ; 1.507 ; 1.455 ; 1.464 ; 1.551 ; 1.610 ; 50.357 ; 39.248 ; 45.629 ; 44.563 ; 47.445 ; 44.219 ; 45.197 ; 45.865 ; 44.774 ; 50.777 ; 50.660 ; 54.076 
130;IP-MVM;IP - MALLA VIAL DEL META;IRACA; 133.083 ; 95.187 ; 107.072 ; 94.471 ; 99.765 ; 101.346 ; 102.774 ; 107.695 ; 100.733 ; 106.630 ; 105.113 ; 120.307 ; 4.208 ; 3.420 ; 3.357 ; 3.500 ; 3.230 ; 3.273 ; 3.384 ; 3.585 ; 3.298 ; 3.447 ; 3.536 ; 3.943 ; 128.739 ; 89.700 ; 106.323 ; 97.267 ; 95.708 ; 95.827 ; 102.794 ; 99.967 ; 95.431 ; 102.903 ; 100.835 ; 119.374 
131;IP-MVM;IP - MALLA VIAL DEL META;LA LIBERTAD; 122.073 ; 96.967 ; 101.485 ; 91.502 ; 92.884 ; 91.569 ; 94.790 ; 95.629 ; 91.219 ; 96.307 ; 91.693 ; 104.334 ; 3.563 ; 2.949 ; 2.996 ; 3.076 ; 2.894 ; 3.017 ; 2.962 ; 3.140 ; 2.884 ; 3.007 ; 3.167 ; 3.525 ; 110.693 ; 87.220 ; 101.601 ; 94.072 ; 97.645 ; 95.810 ; 97.044 ; 97.142 ; 91.356 ; 99.182 ; 99.204 ; 110.471 
132;IP-MVM;IP - MALLA VIAL DEL META;OCOA; 343.303 ; 260.550 ; 287.434 ; 256.722 ; 273.333 ; 267.507 ; 272.888 ; 276.056 ; 259.747 ; 289.876 ; 280.205 ; 316.550 ; 10.384 ; 8.841 ; 8.883 ; 9.194 ; 8.551 ; 8.316 ; 8.672 ; 9.067 ; 8.421 ; 9.197 ; 9.135 ; 10.139 ; 312.655 ; 226.355 ; 279.828 ; 257.296 ; 262.948 ; 267.758 ; 279.347 ; 269.267 ; 266.521 ; 297.714 ; 287.157 ; 330.469 
133;IP-MVM;IP - MALLA VIAL DEL META;YUCAO; -   ; -   ; -   ; 13.858 ; 31.195 ; 29.592 ; 26.848 ; 29.389 ; 28.730 ; 30.060 ; 29.259 ; 33.194 ; 1.221 ; 1.019 ; 1.063 ; 1.026 ; 1.026 ; 991 ; 1.006 ; 1.045 ; 1.048 ; 1.024 ; 1.119 ; 1.161 ; 38.143 ; 28.846 ; 33.241 ; 32.290 ; 35.395 ; 32.374 ; 33.799 ; 34.938 ; 33.305 ; 35.828 ; 37.878 ; 40.667 
134;IP-NEG;IP - NEIVA GIRARDOT;EL PATA; -   ; -   ; -   ; -   ; -   ; 41.298 ; 122.051 ; 110.620 ; 97.886 ; 115.023 ; 109.246 ; 139.593 ; 4.447 ; 3.163 ; 3.234 ; 3.960 ; 3.230 ; 4.005 ; 4.084 ; 3.546 ; 3.269 ; 3.702 ; 3.653 ; 4.714 ; 143.371 ; 89.177 ; 119.658 ; 102.212 ; 101.423 ; 122.572 ; 126.207 ; 110.736 ; 99.276 ; 117.698 ; 112.811 ; 145.866 
135;IP-NEG;IP - NEIVA GIRARDOT;FLANDES; -   ; -   ; -   ; -   ; -   ; 64.054 ; 208.313 ; 175.043 ; 156.165 ; 183.619 ; 171.610 ; 218.517 ; 7.307 ; 5.097 ; 5.281 ; 6.306 ; 5.346 ; 6.625 ; 6.817 ; 5.856 ; 5.269 ; 5.849 ; 5.740 ; 7.395 ; 225.875 ; 141.382 ; 188.927 ; 158.724 ; 159.660 ; 195.445 ; 207.789 ; 182.641 ; 159.812 ; 188.083 ; 177.255 ; 231.138 
136;IP-NEG;IP - NEIVA GIRARDOT;NEIVA; -   ; -   ; -   ; -   ; -   ; 55.020 ; 159.841 ; 150.264 ; 138.367 ; 158.030 ; 152.202 ; 182.920 ; 5.679 ; 4.408 ; 4.476 ; 5.103 ; 4.465 ; 5.308 ; 5.370 ; 4.848 ; 4.561 ; 5.077 ; 5.038 ; 6.136 ; 184.141 ; 129.199 ; 164.717 ; 145.993 ; 147.565 ; 166.065 ; 171.047 ; 155.241 ; 144.039 ; 163.510 ; 157.733 ; 194.599 
137;IP-TC;IP - TERCER CARRIL;CHINAUTA; -   ; -   ; -   ; -   ; -   ; -   ; -   ; -   ; -   ; -   ; -   ; 733.765 ; 25.302 ; 16.893 ; 17.887 ; 21.531 ; 17.472 ; 22.030 ; 22.877 ; 20.155 ; 17.841 ; 21.095 ; 19.779 ; 25.437 ; 797.079 ; 476.611 ; 664.646 ; 529.305 ; 536.160 ; 690.043 ; 721.114 ; 633.166 ; 554.767 ; 668.129 ; 625.005 ; 775.166 
138;IP-TC;IP - TERCER CARRIL;CHUSACA; -   ; -   ; -   ; -   ; -   ; -   ; -   ; -   ; -   ; -   ; -   ; 927.587 ; 30.334 ; 21.716 ; 22.655 ; 26.617 ; 22.433 ; 27.203 ; 27.964 ; 25.191 ; 22.613 ; 26.172 ; 25.128 ; 31.680 ; 950.891 ; 611.014 ; 830.465 ; 674.230 ; 682.220 ; 845.407 ; 870.132 ; 783.549 ; 702.719 ; 839.977 ; 791.663 ; 975.938 
139;IP-VP;IP - VÍA AL PUERTO;LOBOGUERRERO; -   ; -   ; -   ; -   ; -   ; -   ; -   ; -   ; -   ; 114.614 ; 159.694 ; 162.914 ; 4.501 ; 5.269 ; 4.563 ; 5.282 ; 2.966 ; 5.730 ; 5.565 ; 5.354 ; 5.293 ; 5.157 ; 5.114 ; 5.188 ; 168.777 ; 141.513 ; 160.978 ; 152.073 ; 160.946 ; 165.199 ; 176.492 ; 190.031 ; 173.616 ; 178.367 ; 166.294 ; 176.831 
140;IP-VN;IP - VÍA DEL NUS;CISNEROS; -   ; -   ; -   ; 19.594 ; 47.667 ; 50.202 ; 50.285 ; 51.395 ; 46.178 ; 52.571 ; 51.021 ; 63.034 ; 2.192 ; 1.589 ; 1.597 ; 1.803 ; 1.609 ; 1.754 ; 1.738 ; 1.686 ; 1.584 ; 1.727 ; 1.720 ; 2.207 ; 69.598 ; 48.062 ; 59.421 ; 55.303 ; 55.037 ; 63.487 ; 61.606 ; 59.146 ; 56.575 ; 61.488 ; 57.370 ; 72.715 
141;POC;PERIMETRAL DE ORIENTE DE CUNDINAMARCA;LA CABAÑA; 59.250 ; 50.147 ; 57.752 ; 50.772 ; 58.128 ; 55.660 ; 57.389 ; 56.902 ; 51.633 ; 55.783 ; 53.610 ; 56.251 ; 1.854 ; 1.796 ; 1.730 ; 1.830 ; 1.722 ; 1.633 ; 1.667 ; 1.685 ; 1.572 ; 1.639 ; 1.585 ; 1.640 ; 51.172 ; 42.861 ; 47.801 ; 41.754 ; 37.042 ; 32.871 ; 30.919 ; 32.202 ; 35.393 ; 40.209 ; 45.235 ; 52.613 
142;POC;PERIMETRAL DE ORIENTE DE CUNDINAMARCA;PATIOS; 142.677 ; 137.255 ; 143.846 ; 145.237 ; 153.732 ; 145.847 ; 143.789 ; 145.099 ; 143.766 ; 145.712 ; 140.530 ; 152.842 ; 4.458 ; 4.721 ; 4.610 ; 4.582 ; 4.619 ; 4.483 ; 4.274 ; 4.426 ; 4.326 ; 4.159 ; 4.272 ; 4.478 ; 126.042 ; 119.737 ; 134.256 ; 126.293 ; 129.445 ; 120.884 ; 105.789 ; 113.652 ; 113.956 ; 118.015 ; 123.116 ; 141.107 
143;PHC;PUERTA DE HIERRO - CRUZ DEL VISO;CALAMAR; 97.215 ; 75.682 ; 91.891 ; 72.393 ; 79.594 ; 76.838 ; 80.567 ; 80.841 ; 75.210 ; 81.702 ; 78.547 ; 95.384 ; 3.039 ; 2.559 ; 2.490 ; 2.878 ; 2.489 ; 2.689 ; 2.645 ; 2.556 ; 2.437 ; 2.580 ; 2.656 ; 3.091 ; 92.602 ; 68.229 ; 83.621 ; 76.497 ; 71.417 ; 71.198 ; 78.782 ; 76.131 ; 71.013 ; 77.759 ; 76.433 ; 92.234 
144;PHC;PUERTA DE HIERRO - CRUZ DEL VISO;EL CARMEN; 127.543 ; 93.046 ; 114.505 ; 93.310 ; 99.686 ; 98.885 ; 102.272 ; 105.760 ; 98.755 ; 110.440 ; 105.912 ; 130.226 ; 4.292 ; 3.348 ; 3.319 ; 3.785 ; 3.258 ; 3.525 ; 3.496 ; 3.368 ; 3.303 ; 3.504 ; 3.592 ; 4.201 ; 131.486 ; 90.567 ; 111.073 ; 102.785 ; 94.591 ; 95.824 ; 107.793 ; 103.273 ; 96.638 ; 106.857 ; 103.684 ; 124.633 
145;RP;RUMICHACA - PASTO;EL PLACER; 208.113 ; 170.098 ; 196.233 ; 181.944 ; 191.710 ; 148.897 ; 171.091 ; 218.581 ; 183.318 ; 190.771 ; 191.326 ; 223.790 ; 6.797 ; 5.940 ; 5.569 ; 6.044 ; 5.735 ; 5.924 ; 6.395 ; 6.296 ; 5.985 ; 5.907 ; 6.075 ; 7.085 ; 212.383 ; 166.550 ; 197.465 ; 183.944 ; 188.553 ; 187.283 ; 202.059 ; 195.734 ; 179.559 ; 182.497 ; 172.724 ; 198.026 
146;SMN;SANTANA-MOCOA-NEIVA;ALTAMIRA; 111.120 ; 84.031 ; 101.005 ; 89.415 ; 96.922 ; 92.988 ; 97.479 ; 104.534 ; 101.744 ; 113.812 ; 111.004 ; 125.534 ; 3.804 ; 3.175 ; 3.191 ; 3.524 ; 3.065 ; 3.314 ; 3.318 ; 3.309 ; 3.159 ; 3.271 ; 3.364 ; 3.804 ; 101.016 ; 85.340 ; 98.276 ; 93.962 ; 93.823 ; 91.076 ; 97.179 ; 94.174 ; 88.958 ; 89.538 ; 88.780 ; 112.008 
147;SMN;SANTANA-MOCOA-NEIVA;LOS CAUCHOS; 178.548 ; 142.711 ; 163.229 ; 148.280 ; 158.264 ; 155.178 ; 160.506 ; 164.369 ; 157.680 ; 169.879 ; 165.432 ; 190.735 ; 5.557 ; 4.568 ; 4.927 ; 5.296 ; 4.880 ; 5.315 ; 5.357 ; 5.216 ; 5.083 ; 5.153 ; 5.218 ; 6.063 ; 175.755 ; 134.753 ; 159.997 ; 143.921 ; 144.695 ; 150.635 ; 157.955 ; 155.363 ; 146.853 ; 160.183 ; 155.233 ; 183.518 
148;TVS;TRANSVERSAL DEL SISGA;MACHETA; 72.094 ; 44.988 ; 58.182 ; 44.078 ; 54.480 ; 52.568 ; 51.303 ; 52.411 ; 48.807 ; 57.399 ; 55.171 ; 64.265 ; 2.328 ; 1.576 ; 1.606 ; 1.890 ; 1.630 ; 1.799 ; 1.755 ; 1.704 ; 1.609 ; 1.782 ; 1.788 ; 2.178 ; 69.726 ; 45.418 ; 56.748 ; 45.836 ; 48.571 ; 51.736 ; 49.424 ; 49.533 ; 44.658 ; 55.233 ; 55.079 ; 68.252 
149;VY;VILLAVICENCIO-YOPAL;PUENTE AMARILLO; 343.383 ; 263.257 ; 302.219 ; 261.428 ; 282.668 ; 271.290 ; 295.371 ; 290.176 ; 275.589 ; 291.576 ; 280.986 ; 323.012 ; 10.558 ; 9.083 ; 9.113 ; 9.795 ; 9.013 ; 9.347 ; 9.299 ; 9.697 ; 9.249 ; 9.606 ; 9.604 ; 11.152 ; 333.206 ; 258.196 ; 309.511 ; 274.811 ; 282.843 ; 282.422 ; 300.120 ; 298.501 ; 281.962 ; 304.137 ; 297.958 ; 348.076 
150;VY;VILLAVICENCIO-YOPAL;SAN PEDRO; 85.122 ; 65.585 ; 74.338 ; 65.591 ; 68.147 ; 69.837 ; 70.869 ; 74.179 ; 66.609 ; 73.338 ; 71.301 ; 83.320 ; 2.720 ; 2.287 ; 2.364 ; 2.565 ; 2.477 ; 2.528 ; 2.444 ; 2.711 ; 2.721 ; 2.502 ; 2.523 ; 2.829 ; 86.552 ; 66.689 ; 76.136 ; 72.343 ; 77.115 ; 76.355 ; 80.658 ; 87.461 ; 77.080 ; 79.908 ; 78.649 ; 91.236 
151;VY;VILLAVICENCIO-YOPAL;VERACRUZ; 122.715 ; 85.834 ; 97.087 ; 83.956 ; 85.356 ; 86.725 ; 89.109 ; 90.817 ; 87.291 ; 92.137 ; 88.134 ; 105.451 ; 3.656 ; 2.981 ; 2.969 ; 3.087 ; 2.941 ; 3.064 ; 2.930 ; 3.242 ; 3.191 ; 3.060 ; 3.035 ; 3.595 ; 114.198 ; 82.852 ; 96.216 ; 87.725 ; 87.860 ; 87.651 ; 93.455 ; 94.608 ; 86.175 ; 93.941 ; 90.363 ; 108.649 
152;ZP;ZIPAQUIRÁ - PALENQUE;CASABLANCA; 327.300 ; 238.905 ; 300.428 ; 243.465 ; 273.766 ; 266.477 ; 277.834 ; 285.758 ; 252.833 ; 293.486 ; 275.877 ; 321.201 ; 10.453 ; 8.376 ; 8.363 ; 9.757 ; 8.321 ; 9.140 ; -   ; -   ; -   ; -   ; -   ; -   ; -   ; -   ; -   ; -   ; -   ; -   ; -   ; -   ; -   ; -   ; -   ; -   
153;ZP;ZIPAQUIRÁ - PALENQUE;CURITI; 191.839 ; 113.766 ; 154.733 ; 111.937 ; 127.895 ; 128.810 ; 129.025 ; 132.620 ; 119.282 ; 139.235 ; 136.215 ; 171.958 ; 5.967 ; 3.972 ; 4.005 ; 4.972 ; 4.006 ; 4.589 ; -   ; -   ; -   ; -   ; -   ; -   ; -   ; -   ; -   ; -   ; -   ; -   ; -   ; -   ; -   ; -   ; -   ; -   
154;ZP;ZIPAQUIRÁ - PALENQUE;LOS CUROS; 199.706 ; 129.244 ; 166.923 ; 127.969 ; 141.925 ; 142.636 ; 139.641 ; 149.190 ; 138.273 ; 156.464 ; 153.758 ; 188.645 ; 6.378 ; 4.613 ; 4.550 ; 5.448 ; 4.529 ; 5.063 ; -   ; -   ; -   ; -   ; -   ; -   ; -   ; -   ; -   ; -   ; -   ; -   ; -   ; -   ; -   ; -   ; -   ; -   
155;ZP;ZIPAQUIRÁ - PALENQUE;OIBA; 157.019 ; 90.282 ; 126.134 ; 90.122 ; 103.540 ; 103.607 ; 100.525 ; 110.136 ; 100.409 ; 117.547 ; 112.604 ; 146.394 ; 5.182 ; 3.351 ; 3.344 ; 4.264 ; 3.351 ; 3.869 ; -   ; -   ; -   ; -   ; -   ; -   ; -   ; -   ; -   ; -   ; -   ; -   ; -   ; -   ; -   ; -   ; -   ; -   
156;ZP;ZIPAQUIRÁ - PALENQUE;SABOYA; 143.937 ; 77.110 ; 111.526 ; 75.850 ; 93.839 ; 93.138 ; 99.508 ; 98.367 ; 83.069 ; 104.283 ; 97.231 ; 123.093 ; 4.534 ; 2.792 ; 2.839 ; 3.632 ; 2.811 ; 3.296 ; -   ; -   ; -   ; -   ; -   ; -   ; -   ; -   ; -   ; -   ; -   ; -   ; -   ; -   ; -   ; -   ; -   ; -   
